,0,1,2,3,4,5,6,7,8,9,10,11,12,13,14,15,16,17,18,19,20
0,4.0,6.0,15.0,17.0,15.0,24.0,23.0,19.0,15.0,9.0,21.0,21.0,14.0,22.0,10.0,8.0,3.0,11.0,17.0,20.0,20.0
1,2.0,5.0,19.0,15.0,15.0,24.0,24.0,9.0,16.0,7.0,24.0,20.0,23.0,24.0,11.0,8.0,6.0,7.0,13.0,19.0,23.0
2,1.0,3.0,20.0,15.0,20.0,22.0,23.0,9.0,10.0,8.0,24.0,24.0,24.0,24.0,11.0,5.0,3.0,3.0,24.0,17.0,24.0
3,17.0,11.0,8.0,17.0,12.0,18.0,21.0,20.0,14.0,15.0,18.0,14.0,18.0,24.0,22.0,10.0,6.0,9.0,17.0,12.0,11.0
4,17.0,14.0,5.0,12.0,8.0,24.0,24.0,12.0,14.0,12.0,24.0,14.0,23.0,24.0,24.0,24.0,10.0,7.0,7.0,10.0,5.0
5,2.0,4.0,16.0,23.0,13.0,24.0,22.0,15.0,14.0,10.0,21.0,19.0,20.0,24.0,14.0,6.0,9.0,10.0,14.0,13.0,21.0
6,11.0,6.0,7.0,17.0,15.0,24.0,24.0,24.0,16.0,13.0,15.0,16.0,15.0,24.0,24.0,7.0,10.0,8.0,18.0,9.0,11.0
7,11.0,4.0,14.0,12.0,18.0,21.0,24.0,16.0,9.0,13.0,20.0,19.0,22.0,24.0,6.0,10.0,4.0,11.0,16.0,19.0,21.0
8,9.0,7.0,12.0,14.0,15.0,24.0,23.0,19.0,15.0,17.0,18.0,10.0,20.0,24.0,24.0,6.0,9.0,8.0,12.0,19.0,9.0
9,4.0,4.0,16.0,19.0,14.0,23.0,24.0,10.0,11.0,11.0,20.0,23.0,24.0,19.0,14.0,9.0,7.0,9.0,19.0,14.0,20.0
10,5.0,5.0,17.0,15.0,17.0,24.0,21.0,9.0,14.0,14.0,24.0,18.0,20.0,24.0,8.0,7.0,12.0,4.0,20.0,22.0,14.0
11,4.0,6.0,13.0,16.0,17.0,24.0,24.0,18.0,6.0,13.0,22.0,21.0,19.0,22.0,10.0,10.0,4.0,13.0,14.0,19.0,19.0
12,3.0,6.0,16.0,18.0,14.0,23.0,24.0,9.0,12.0,12.0,23.0,19.0,24.0,24.0,8.0,8.0,7.0,6.0,21.0,18.0,19.0
13,14.0,16.0,10.0,8.0,8.0,24.0,24.0,12.0,9.0,13.0,22.0,20.0,23.0,24.0,24.0,24.0,14.0,9.0,4.0,9.0,3.0
14,6.0,4.0,12.0,20.0,14.0,24.0,24.0,14.0,15.0,14.0,14.0,21.0,21.0,24.0,16.0,13.0,3.0,9.0,22.0,13.0,11.0
15,6.0,14.0,6.0,13.0,17.0,24.0,24.0,19.0,13.0,10.0,21.0,20.0,16.0,24.0,21.0,13.0,6.0,13.0,14.0,10.0,10.0
16,2.0,12.0,19.0,18.0,14.0,21.0,18.0,12.0,10.0,17.0,21.0,19.0,20.0,22.0,3.0,14.0,8.0,7.0,18.0,18.0,21.0
17,3.0,3.0,16.0,17.0,18.0,24.0,23.0,12.0,12.0,9.0,24.0,20.0,22.0,19.0,9.0,8.0,6.0,5.0,24.0,21.0,19.0
18,8.0,12.0,12.0,14.0,16.0,18.0,24.0,18.0,15.0,14.0,21.0,16.0,15.0,21.0,20.0,3.0,8.0,13.0,16.0,15.0,15.0
19,3.0,5.0,24.0,8.0,16.0,24.0,24.0,22.0,8.0,9.0,17.0,24.0,19.0,24.0,20.0,6.0,3.0,6.0,12.0,20.0,20.0
20,7.0,6.0,16.0,16.0,11.0,24.0,24.0,13.0,13.0,15.0,24.0,12.0,22.0,24.0,21.0,13.0,4.0,7.0,14.0,16.0,12.0
21,4.0,4.0,16.0,10.0,22.0,24.0,24.0,13.0,12.0,19.0,16.0,20.0,19.0,24.0,20.0,6.0,7.0,4.0,15.0,23.0,12.0
22,6.0,5.0,17.0,9.0,19.0,24.0,24.0,10.0,18.0,9.0,22.0,21.0,19.0,24.0,14.0,10.0,4.0,8.0,16.0,14.0,21.0
23,8.0,4.0,17.0,14.0,17.0,24.0,20.0,12.0,14.0,13.0,17.0,20.0,23.0,21.0,10.0,2.0,3.0,16.0,21.0,20.0,18.0
24,7.0,0.0,19.0,17.0,19.0,21.0,21.0,10.0,6.0,18.0,17.0,24.0,24.0,19.0,11.0,3.0,5.0,11.0,20.0,20.0,22.0
25,17.0,6.0,12.0,11.0,15.0,21.0,22.0,18.0,12.0,17.0,17.0,16.0,19.0,19.0,18.0,11.0,6.0,9.0,20.0,15.0,13.0
26,3.0,6.0,16.0,16.0,15.0,24.0,24.0,15.0,19.0,19.0,13.0,16.0,17.0,20.0,11.0,18.0,14.0,6.0,14.0,15.0,13.0
27,14.0,3.0,11.0,21.0,16.0,21.0,18.0,16.0,17.0,14.0,18.0,15.0,19.0,18.0,13.0,8.0,10.0,2.0,19.0,20.0,21.0
28,8.0,11.0,18.0,17.0,16.0,19.0,15.0,18.0,14.0,16.0,15.0,20.0,16.0,15.0,17.0,17.0,14.0,18.0,14.0,8.0,8.0
29,4.0,8.0,24.0,8.0,12.0,24.0,24.0,13.0,11.0,6.0,24.0,24.0,21.0,24.0,13.0,9.0,6.0,10.0,10.0,24.0,15.0
30,4.0,1.0,20.0,21.0,11.0,23.0,24.0,12.0,13.0,12.0,18.0,20.0,24.0,24.0,2.0,11.0,5.0,8.0,23.0,17.0,21.0
31,9.0,4.0,17.0,13.0,17.0,24.0,20.0,11.0,18.0,16.0,16.0,18.0,20.0,18.0,13.0,5.0,12.0,5.0,20.0,18.0,20.0
32,10.0,12.0,15.0,10.0,10.0,24.0,23.0,23.0,16.0,12.0,15.0,15.0,18.0,24.0,17.0,8.0,11.0,9.0,7.0,17.0,18.0
33,13.0,10.0,10.0,11.0,12.0,24.0,24.0,15.0,15.0,18.0,18.0,16.0,17.0,20.0,21.0,15.0,9.0,16.0,12.0,6.0,12.0
34,8.0,4.0,17.0,14.0,16.0,22.0,23.0,19.0,16.0,12.0,17.0,17.0,18.0,17.0,16.0,13.0,5.0,7.0,11.0,22.0,20.0
35,8.0,6.0,12.0,16.0,14.0,24.0,24.0,10.0,10.0,7.0,24.0,24.0,24.0,24.0,24.0,8.0,10.0,5.0,14.0,12.0,14.0
36,12.0,9.0,11.0,11.0,14.0,24.0,23.0,19.0,9.0,17.0,19.0,20.0,15.0,24.0,21.0,13.0,6.0,6.0,15.0,12.0,14.0
37,12.0,5.0,12.0,18.0,9.0,24.0,24.0,10.0,16.0,12.0,18.0,19.0,24.0,24.0,22.0,18.0,6.0,10.0,13.0,9.0,9.0
38,7.0,9.0,17.0,13.0,17.0,17.0,24.0,21.0,16.0,16.0,16.0,13.0,17.0,19.0,22.0,14.0,15.0,16.0,8.0,10.0,7.0
39,3.0,7.0,16.0,14.0,16.0,24.0,24.0,11.0,18.0,7.0,24.0,15.0,24.0,24.0,23.0,15.0,2.0,7.0,10.0,19.0,11.0
40,10.0,12.0,11.0,13.0,10.0,24.0,24.0,19.0,13.0,11.0,22.0,14.0,20.0,24.0,24.0,8.0,8.0,8.0,10.0,17.0,12.0
41,11.0,11.0,10.0,14.0,10.0,24.0,24.0,16.0,11.0,13.0,24.0,14.0,21.0,24.0,23.0,11.0,6.0,10.0,13.0,9.0,15.0
42,10.0,2.0,14.0,18.0,12.0,24.0,24.0,19.0,9.0,8.0,24.0,15.0,24.0,24.0,24.0,10.0,7.0,8.0,8.0,13.0,17.0
43,3.0,5.0,11.0,17.0,20.0,24.0,24.0,11.0,15.0,12.0,24.0,19.0,18.0,24.0,15.0,9.0,8.0,8.0,13.0,18.0,16.0
44,5.0,8.0,16.0,10.0,18.0,23.0,24.0,17.0,14.0,17.0,17.0,16.0,18.0,24.0,24.0,15.0,10.0,8.0,10.0,12.0,8.0
45,13.0,8.0,16.0,10.0,10.0,23.0,24.0,24.0,11.0,17.0,16.0,16.0,15.0,24.0,21.0,8.0,12.0,7.0,7.0,15.0,17.0
46,9.0,8.0,14.0,10.0,15.0,24.0,24.0,17.0,14.0,13.0,23.0,16.0,16.0,24.0,24.0,13.0,9.0,8.0,10.0,13.0,10.0
47,5.0,7.0,17.0,14.0,15.0,22.0,24.0,17.0,12.0,18.0,19.0,19.0,14.0,19.0,17.0,6.0,2.0,5.0,21.0,21.0,20.0
48,13.0,7.0,8.0,14.0,14.0,24.0,24.0,18.0,10.0,14.0,20.0,20.0,17.0,23.0,24.0,8.0,5.0,4.0,18.0,16.0,13.0
49,10.0,8.0,16.0,14.0,8.0,24.0,24.0,14.0,7.0,12.0,24.0,19.0,23.0,24.0,16.0,8.0,6.0,4.0,19.0,15.0,19.0
50,8.0,9.0,11.0,18.0,12.0,22.0,24.0,19.0,14.0,12.0,19.0,18.0,17.0,21.0,24.0,8.0,4.0,12.0,13.0,13.0,16.0
51,12.0,9.0,9.0,14.0,12.0,24.0,24.0,17.0,17.0,14.0,18.0,19.0,14.0,24.0,21.0,7.0,13.0,6.0,11.0,10.0,19.0
52,10.0,13.0,13.0,8.0,12.0,24.0,24.0,10.0,15.0,14.0,19.0,20.0,21.0,24.0,23.0,11.0,5.0,0.0,16.0,15.0,17.0
53,14.0,8.0,9.0,14.0,12.0,24.0,23.0,16.0,9.0,19.0,20.0,12.0,23.0,24.0,24.0,16.0,7.0,10.0,11.0,13.0,6.0
54,14.0,13.0,11.0,12.0,8.0,22.0,24.0,13.0,19.0,15.0,16.0,16.0,20.0,24.0,21.0,18.0,10.0,7.0,10.0,8.0,13.0
55,8.0,6.0,14.0,12.0,16.0,24.0,24.0,19.0,15.0,18.0,9.0,19.0,19.0,24.0,22.0,11.0,12.0,5.0,19.0,8.0,10.0
56,9.0,13.0,9.0,16.0,9.0,24.0,24.0,18.0,15.0,13.0,16.0,17.0,20.0,24.0,24.0,10.0,7.0,8.0,19.0,6.0,13.0
57,10.0,2.0,13.0,17.0,15.0,23.0,24.0,15.0,9.0,10.0,22.0,19.0,24.0,24.0,17.0,4.0,8.0,10.0,19.0,13.0,16.0
58,3.0,8.0,13.0,12.0,20.0,24.0,24.0,12.0,7.0,10.0,22.0,24.0,24.0,23.0,6.0,6.0,7.0,4.0,20.0,22.0,23.0
59,3.0,3.0,16.0,16.0,22.0,24.0,20.0,12.0,13.0,10.0,21.0,19.0,24.0,22.0,7.0,2.0,16.0,10.0,17.0,17.0,20.0
60,12.0,2.0,14.0,17.0,15.0,24.0,20.0,14.0,8.0,17.0,21.0,21.0,18.0,21.0,14.0,14.0,2.0,2.0,16.0,20.0,22.0
61,11.0,17.0,9.0,14.0,6.0,24.0,23.0,17.0,17.0,15.0,17.0,17.0,16.0,24.0,18.0,13.0,8.0,6.0,16.0,9.0,17.0
62,10.0,11.0,7.0,18.0,10.0,24.0,24.0,17.0,14.0,10.0,18.0,16.0,24.0,24.0,18.0,10.0,4.0,3.0,19.0,20.0,13.0
63,9.0,12.0,18.0,18.0,13.0,17.0,17.0,16.0,13.0,21.0,19.0,16.0,14.0,18.0,18.0,16.0,7.0,9.0,12.0,18.0,13.0
64,6.0,7.0,17.0,17.0,9.0,24.0,24.0,14.0,13.0,18.0,19.0,17.0,18.0,20.0,20.0,6.0,15.0,1.0,15.0,18.0,16.0
65,6.0,12.0,13.0,14.0,13.0,22.0,24.0,17.0,22.0,19.0,14.0,13.0,14.0,24.0,24.0,16.0,8.0,9.0,7.0,11.0,12.0
66,3.0,8.0,16.0,19.0,19.0,19.0,20.0,14.0,18.0,14.0,19.0,18.0,16.0,24.0,8.0,12.0,9.0,12.0,14.0,15.0,17.0
67,6.0,4.0,18.0,14.0,14.0,24.0,24.0,15.0,5.0,8.0,23.0,24.0,24.0,24.0,22.0,4.0,4.0,6.0,16.0,13.0,22.0
68,7.0,8.0,15.0,16.0,10.0,24.0,24.0,24.0,11.0,18.0,16.0,14.0,16.0,24.0,19.0,3.0,10.0,9.0,10.0,17.0,19.0
69,7.0,6.0,15.0,8.0,20.0,24.0,24.0,10.0,14.0,10.0,17.0,24.0,24.0,24.0,19.0,11.0,3.0,9.0,17.0,24.0,4.0
70,4.0,4.0,14.0,19.0,19.0,22.0,22.0,8.0,15.0,13.0,21.0,22.0,20.0,16.0,8.0,3.0,8.0,6.0,24.0,24.0,22.0
71,9.0,5.0,19.0,19.0,10.0,21.0,21.0,19.0,14.0,18.0,18.0,14.0,16.0,18.0,16.0,3.0,10.0,12.0,15.0,19.0,18.0
72,9.0,7.0,12.0,18.0,15.0,19.0,24.0,14.0,18.0,14.0,17.0,19.0,17.0,23.0,15.0,8.0,10.0,7.0,20.0,14.0,14.0
73,11.0,7.0,15.0,13.0,11.0,24.0,23.0,16.0,15.0,12.0,16.0,20.0,20.0,24.0,15.0,11.0,12.0,10.0,11.0,13.0,15.0
74,10.0,9.0,14.0,16.0,7.0,24.0,24.0,12.0,14.0,5.0,20.0,24.0,24.0,24.0,19.0,4.0,5.0,5.0,17.0,19.0,18.0
75,8.0,0.0,18.0,23.0,7.0,24.0,24.0,14.0,12.0,15.0,15.0,19.0,24.0,24.0,24.0,6.0,6.0,10.0,12.0,11.0,18.0
76,4.0,6.0,15.0,13.0,18.0,24.0,24.0,14.0,21.0,10.0,12.0,24.0,18.0,24.0,15.0,11.0,2.0,3.0,22.0,15.0,19.0
77,7.0,6.0,11.0,10.0,22.0,24.0,24.0,12.0,10.0,7.0,22.0,24.0,24.0,24.0,12.0,7.0,5.0,5.0,20.0,24.0,14.0
78,4.0,4.0,13.0,15.0,20.0,24.0,24.0,18.0,16.0,12.0,24.0,15.0,14.0,24.0,15.0,6.0,5.0,13.0,17.0,16.0,15.0
79,13.0,13.0,10.0,15.0,13.0,17.0,23.0,14.0,15.0,16.0,21.0,17.0,16.0,22.0,17.0,17.0,7.0,12.0,6.0,15.0,15.0
80,8.0,8.0,14.0,18.0,16.0,19.0,21.0,20.0,8.0,16.0,20.0,20.0,15.0,18.0,18.0,4.0,6.0,4.0,19.0,18.0,24.0
81,7.0,8.0,15.0,12.0,14.0,24.0,24.0,13.0,16.0,14.0,17.0,24.0,15.0,24.0,24.0,9.0,2.0,2.0,15.0,20.0,15.0
82,3.0,2.0,21.0,12.0,19.0,23.0,24.0,9.0,14.0,14.0,21.0,17.0,24.0,24.0,5.0,5.0,3.0,9.0,24.0,20.0,21.0
83,2.0,12.0,12.0,18.0,17.0,20.0,23.0,13.0,11.0,13.0,24.0,18.0,20.0,23.0,7.0,12.0,14.0,5.0,16.0,18.0,16.0
84,6.0,11.0,10.0,15.0,14.0,24.0,24.0,15.0,13.0,14.0,24.0,19.0,14.0,24.0,16.0,5.0,14.0,7.0,16.0,12.0,17.0
85,1.0,2.0,15.0,23.0,15.0,24.0,24.0,11.0,9.0,16.0,15.0,24.0,24.0,24.0,14.0,8.0,10.0,8.0,21.0,12.0,14.0
86,4.0,3.0,19.0,23.0,15.0,21.0,19.0,7.0,9.0,17.0,21.0,24.0,21.0,23.0,13.0,5.0,0.0,1.0,21.0,24.0,24.0
87,6.0,6.0,21.0,15.0,8.0,24.0,24.0,11.0,16.0,13.0,11.0,24.0,24.0,24.0,22.0,19.0,8.0,6.0,12.0,5.0,15.0
88,1.0,13.0,18.0,11.0,18.0,23.0,20.0,13.0,15.0,14.0,16.0,22.0,19.0,24.0,11.0,15.0,1.0,11.0,14.0,20.0,15.0
89,13.0,11.0,15.0,11.0,11.0,19.0,24.0,16.0,12.0,18.0,16.0,18.0,19.0,21.0,20.0,11.0,12.0,3.0,16.0,8.0,20.0
90,14.0,10.0,10.0,12.0,10.0,24.0,24.0,17.0,13.0,17.0,18.0,20.0,14.0,24.0,21.0,10.0,10.0,4.0,11.0,13.0,18.0
91,2.0,3.0,16.0,17.0,19.0,23.0,24.0,11.0,12.0,13.0,24.0,24.0,15.0,24.0,10.0,4.0,11.0,3.0,20.0,24.0,15.0
92,4.0,2.0,16.0,15.0,19.0,24.0,24.0,17.0,18.0,14.0,18.0,18.0,14.0,24.0,11.0,5.0,2.0,6.0,18.0,21.0,24.0
93,10.0,12.0,11.0,11.0,12.0,24.0,24.0,20.0,14.0,11.0,15.0,23.0,16.0,24.0,21.0,8.0,7.0,8.0,14.0,16.0,13.0
94,12.0,7.0,9.0,9.0,19.0,24.0,24.0,24.0,11.0,10.0,17.0,20.0,17.0,24.0,22.0,4.0,2.0,3.0,23.0,20.0,13.0
95,3.0,3.0,18.0,20.0,16.0,24.0,20.0,14.0,11.0,13.0,16.0,21.0,24.0,24.0,11.0,3.0,11.0,9.0,17.0,20.0,16.0
96,9.0,4.0,14.0,19.0,10.0,24.0,24.0,14.0,9.0,12.0,20.0,24.0,20.0,24.0,23.0,7.0,6.0,10.0,17.0,11.0,13.0
97,6.0,11.0,13.0,14.0,12.0,24.0,24.0,13.0,10.0,7.0,21.0,24.0,24.0,24.0,15.0,14.0,5.0,4.0,18.0,11.0,20.0
98,6.0,10.0,12.0,19.0,20.0,17.0,20.0,13.0,15.0,15.0,18.0,15.0,23.0,21.0,14.0,11.0,6.0,13.0,15.0,14.0,17.0
99,9.0,3.0,10.0,13.0,21.0,24.0,24.0,15.0,11.0,15.0,23.0,17.0,18.0,24.0,24.0,14.0,6.0,4.0,10.0,18.0,11.0
100,1.0,1.0,22.0,22.0,14.0,22.0,22.0,15.0,6.0,10.0,20.0,24.0,24.0,24.0,13.0,3.0,8.0,3.0,24.0,16.0,20.0
101,5.0,4.0,19.0,17.0,15.0,20.0,24.0,11.0,16.0,11.0,24.0,19.0,18.0,18.0,8.0,11.0,3.0,6.0,20.0,21.0,24.0
102,2.0,11.0,17.0,14.0,16.0,24.0,20.0,14.0,18.0,12.0,19.0,17.0,19.0,20.0,7.0,11.0,6.0,6.0,15.0,24.0,22.0
103,11.0,5.0,13.0,13.0,16.0,24.0,22.0,15.0,13.0,14.0,24.0,19.0,14.0,18.0,14.0,10.0,10.0,13.0,14.0,14.0,18.0
104,9.0,5.0,16.0,16.0,15.0,24.0,19.0,19.0,15.0,18.0,13.0,19.0,15.0,23.0,10.0,10.0,2.0,12.0,18.0,21.0,15.0
105,9.0,7.0,24.0,7.0,9.0,24.0,24.0,18.0,12.0,13.0,8.0,24.0,24.0,24.0,24.0,4.0,4.0,6.0,16.0,20.0,13.0
106,11.0,10.0,13.0,6.0,18.0,24.0,22.0,22.0,14.0,15.0,12.0,19.0,17.0,24.0,21.0,14.0,11.0,2.0,14.0,16.0,9.0
107,17.0,7.0,13.0,13.0,6.0,24.0,24.0,20.0,8.0,24.0,12.0,16.0,19.0,24.0,24.0,18.0,13.0,7.0,6.0,7.0,12.0
108,13.0,12.0,12.0,8.0,16.0,24.0,19.0,19.0,19.0,18.0,16.0,13.0,14.0,22.0,24.0,15.0,14.0,5.0,11.0,16.0,4.0
109,5.0,3.0,17.0,15.0,21.0,22.0,21.0,16.0,6.0,15.0,17.0,21.0,24.0,22.0,5.0,6.0,8.0,3.0,24.0,21.0,22.0
110,7.0,7.0,8.0,24.0,10.0,24.0,24.0,10.0,13.0,11.0,24.0,24.0,17.0,24.0,18.0,8.0,4.0,8.0,24.0,4.0,21.0
111,12.0,0.0,17.0,20.0,13.0,23.0,19.0,16.0,13.0,17.0,17.0,18.0,18.0,24.0,14.0,14.0,15.0,7.0,14.0,9.0,14.0
112,2.0,4.0,24.0,17.0,10.0,24.0,23.0,15.0,10.0,14.0,20.0,22.0,18.0,24.0,6.0,7.0,5.0,5.0,18.0,22.0,24.0
113,9.0,7.0,12.0,15.0,13.0,24.0,24.0,12.0,9.0,15.0,20.0,24.0,19.0,24.0,13.0,8.0,9.0,2.0,19.0,12.0,24.0
114,3.0,4.0,13.0,15.0,22.0,24.0,23.0,13.0,15.0,12.0,18.0,17.0,24.0,24.0,18.0,7.0,6.0,4.0,16.0,20.0,16.0
115,7.0,9.0,16.0,15.0,17.0,19.0,21.0,16.0,8.0,13.0,19.0,24.0,19.0,24.0,12.0,4.0,9.0,5.0,21.0,16.0,20.0
116,3.0,7.0,18.0,19.0,9.0,24.0,24.0,16.0,20.0,14.0,13.0,19.0,17.0,24.0,15.0,4.0,5.0,6.0,20.0,19.0,18.0
117,13.0,9.0,11.0,9.0,14.0,24.0,24.0,16.0,8.0,11.0,21.0,24.0,19.0,24.0,24.0,10.0,12.0,11.0,11.0,9.0,10.0
118,3.0,4.0,18.0,16.0,16.0,23.0,24.0,14.0,14.0,5.0,24.0,20.0,22.0,21.0,7.0,3.0,8.0,5.0,24.0,22.0,21.0
119,7.0,5.0,12.0,22.0,10.0,24.0,24.0,17.0,9.0,19.0,24.0,11.0,19.0,23.0,22.0,7.0,4.0,0.0,16.0,16.0,23.0
120,1.0,9.0,17.0,12.0,18.0,23.0,24.0,20.0,12.0,13.0,16.0,17.0,21.0,24.0,22.0,8.0,12.0,6.0,19.0,10.0,10.0
121,9.0,8.0,12.0,15.0,12.0,24.0,24.0,18.0,4.0,11.0,19.0,23.0,24.0,24.0,22.0,11.0,4.0,6.0,21.0,10.0,13.0
122,15.0,10.0,17.0,11.0,13.0,16.0,22.0,17.0,15.0,9.0,18.0,21.0,19.0,20.0,20.0,15.0,8.0,13.0,13.0,13.0,9.0
123,13.0,14.0,13.0,8.0,9.0,23.0,24.0,22.0,16.0,12.0,17.0,12.0,20.0,24.0,24.0,16.0,7.0,10.0,8.0,12.0,10.0
124,3.0,5.0,18.0,18.0,13.0,23.0,24.0,8.0,16.0,7.0,23.0,21.0,24.0,24.0,11.0,7.0,6.0,4.0,20.0,15.0,24.0
125,9.0,4.0,18.0,17.0,12.0,24.0,20.0,15.0,19.0,15.0,20.0,14.0,16.0,22.0,18.0,8.0,12.0,9.0,9.0,17.0,16.0
126,5.0,5.0,24.0,8.0,14.0,24.0,24.0,13.0,13.0,16.0,15.0,18.0,24.0,24.0,16.0,12.0,8.0,6.0,12.0,21.0,12.0
127,7.0,7.0,16.0,14.0,16.0,20.0,24.0,15.0,16.0,15.0,21.0,14.0,18.0,18.0,21.0,13.0,3.0,8.0,16.0,15.0,17.0
128,12.0,10.0,15.0,8.0,11.0,24.0,24.0,18.0,14.0,12.0,18.0,18.0,19.0,24.0,20.0,6.0,3.0,4.0,16.0,14.0,24.0
129,13.0,6.0,12.0,10.0,15.0,24.0,24.0,11.0,15.0,12.0,20.0,24.0,17.0,24.0,20.0,9.0,3.0,7.0,12.0,20.0,16.0
130,12.0,10.0,13.0,13.0,10.0,22.0,24.0,20.0,14.0,18.0,17.0,14.0,16.0,24.0,13.0,13.0,14.0,4.0,12.0,16.0,15.0
131,10.0,10.0,13.0,16.0,12.0,21.0,22.0,18.0,11.0,12.0,16.0,21.0,21.0,24.0,10.0,7.0,5.0,10.0,21.0,19.0,15.0
132,9.0,8.0,16.0,8.0,15.0,24.0,24.0,13.0,10.0,12.0,21.0,20.0,23.0,24.0,16.0,6.0,5.0,10.0,15.0,17.0,18.0
133,16.0,9.0,11.0,19.0,11.0,19.0,19.0,15.0,17.0,16.0,20.0,15.0,16.0,15.0,13.0,12.0,13.0,7.0,18.0,18.0,15.0
134,4.0,4.0,18.0,19.0,11.0,24.0,24.0,16.0,16.0,12.0,18.0,13.0,24.0,24.0,14.0,4.0,2.0,7.0,24.0,17.0,19.0
135,7.0,8.0,11.0,16.0,16.0,24.0,22.0,14.0,14.0,15.0,18.0,18.0,20.0,24.0,10.0,18.0,4.0,10.0,13.0,15.0,17.0
136,9.0,12.0,6.0,7.0,22.0,24.0,24.0,14.0,13.0,11.0,24.0,24.0,13.0,24.0,22.0,9.0,4.0,2.0,24.0,15.0,11.0
137,7.0,5.0,14.0,10.0,20.0,24.0,24.0,12.0,13.0,9.0,20.0,24.0,21.0,23.0,8.0,8.0,4.0,4.0,19.0,21.0,24.0
138,11.0,4.0,16.0,18.0,10.0,24.0,21.0,15.0,15.0,14.0,17.0,22.0,16.0,21.0,17.0,12.0,8.0,8.0,21.0,6.0,18.0
139,14.0,12.0,14.0,11.0,10.0,19.0,24.0,19.0,11.0,15.0,20.0,16.0,18.0,24.0,24.0,15.0,7.0,10.0,4.0,12.0,15.0
140,6.0,8.0,17.0,13.0,13.0,24.0,23.0,16.0,22.0,8.0,16.0,17.0,20.0,24.0,16.0,6.0,5.0,8.0,14.0,22.0,16.0
141,6.0,9.0,16.0,13.0,12.0,24.0,24.0,14.0,18.0,15.0,15.0,19.0,18.0,19.0,18.0,5.0,6.0,3.0,18.0,18.0,24.0
142,16.0,7.0,10.0,13.0,12.0,24.0,22.0,19.0,14.0,16.0,17.0,19.0,14.0,24.0,24.0,10.0,6.0,10.0,11.0,12.0,14.0
143,8.0,8.0,10.0,15.0,15.0,24.0,24.0,14.0,13.0,13.0,19.0,20.0,20.0,24.0,19.0,8.0,9.0,6.0,19.0,7.0,19.0
144,7.0,4.0,12.0,19.0,18.0,20.0,24.0,14.0,8.0,14.0,22.0,20.0,21.0,20.0,16.0,6.0,4.0,5.0,17.0,19.0,24.0
145,8.0,6.0,15.0,16.0,11.0,24.0,24.0,19.0,12.0,20.0,18.0,14.0,16.0,22.0,15.0,11.0,2.0,8.0,19.0,15.0,19.0
146,11.0,7.0,9.0,10.0,19.0,24.0,24.0,12.0,8.0,15.0,24.0,22.0,18.0,23.0,23.0,8.0,7.0,3.0,18.0,16.0,13.0
147,6.0,3.0,19.0,20.0,17.0,21.0,18.0,17.0,10.0,13.0,17.0,20.0,22.0,22.0,6.0,5.0,3.0,13.0,15.0,24.0,23.0
148,0.0,12.0,9.0,21.0,14.0,24.0,24.0,18.0,14.0,11.0,24.0,12.0,20.0,24.0,11.0,7.0,6.0,4.0,21.0,20.0,18.0
149,12.0,3.0,16.0,14.0,21.0,18.0,20.0,16.0,11.0,17.0,18.0,18.0,19.0,15.0,14.0,11.0,5.0,18.0,16.0,14.0,18.0
150,4.0,3.0,22.0,16.0,11.0,24.0,24.0,13.0,14.0,18.0,13.0,20.0,21.0,24.0,15.0,7.0,10.0,3.0,17.0,18.0,17.0
151,5.0,5.0,11.0,16.0,20.0,24.0,23.0,10.0,8.0,14.0,19.0,24.0,24.0,24.0,7.0,4.0,7.0,3.0,22.0,20.0,24.0
152,6.0,8.0,9.0,16.0,17.0,24.0,24.0,18.0,13.0,12.0,24.0,14.0,18.0,24.0,23.0,6.0,11.0,11.0,15.0,11.0,10.0
153,14.0,5.0,17.0,13.0,14.0,20.0,21.0,12.0,12.0,17.0,17.0,22.0,19.0,24.0,17.0,11.0,4.0,2.0,18.0,21.0,14.0
154,10.0,2.0,15.0,16.0,17.0,24.0,20.0,8.0,16.0,11.0,20.0,22.0,22.0,19.0,17.0,4.0,5.0,3.0,21.0,24.0,18.0
155,9.0,5.0,14.0,13.0,15.0,24.0,24.0,14.0,6.0,9.0,23.0,23.0,24.0,24.0,15.0,10.0,4.0,9.0,17.0,16.0,16.0
156,9.0,4.0,14.0,20.0,15.0,18.0,24.0,15.0,12.0,19.0,16.0,20.0,17.0,17.0,15.0,16.0,7.0,3.0,19.0,14.0,20.0
157,6.0,4.0,13.0,17.0,20.0,24.0,20.0,11.0,17.0,15.0,20.0,17.0,19.0,23.0,22.0,1.0,8.0,7.0,16.0,18.0,16.0
158,8.0,10.0,8.0,10.0,20.0,24.0,24.0,22.0,17.0,18.0,19.0,17.0,6.0,24.0,24.0,11.0,6.0,6.0,14.0,12.0,14.0
159,11.0,7.0,16.0,18.0,8.0,20.0,24.0,14.0,11.0,14.0,18.0,19.0,23.0,20.0,19.0,15.0,4.0,8.0,19.0,13.0,13.0
160,17.0,13.0,11.0,8.0,14.0,22.0,19.0,15.0,19.0,12.0,17.0,20.0,16.0,18.0,19.0,14.0,6.0,14.0,11.0,15.0,14.0
161,2.0,6.0,13.0,21.0,16.0,22.0,24.0,21.0,14.0,15.0,16.0,18.0,15.0,21.0,17.0,12.0,9.0,3.0,17.0,17.0,15.0
162,6.0,7.0,14.0,17.0,12.0,24.0,24.0,10.0,12.0,19.0,24.0,18.0,16.0,24.0,23.0,13.0,11.0,4.0,6.0,17.0,13.0
163,12.0,2.0,11.0,17.0,14.0,24.0,24.0,18.0,10.0,8.0,21.0,18.0,24.0,24.0,22.0,5.0,1.0,2.0,22.0,18.0,17.0
164,6.0,9.0,8.0,14.0,19.0,24.0,24.0,21.0,10.0,9.0,24.0,20.0,15.0,24.0,24.0,6.0,8.0,9.0,10.0,17.0,13.0
165,5.0,6.0,11.0,12.0,22.0,24.0,24.0,22.0,4.0,16.0,24.0,15.0,18.0,24.0,24.0,5.0,7.0,2.0,15.0,24.0,10.0
166,17.0,10.0,10.0,10.0,9.0,24.0,24.0,20.0,11.0,17.0,15.0,16.0,20.0,23.0,24.0,9.0,6.0,6.0,11.0,15.0,17.0
167,8.0,12.0,11.0,11.0,14.0,24.0,24.0,24.0,14.0,11.0,18.0,14.0,18.0,24.0,24.0,12.0,10.0,6.0,8.0,18.0,9.0
168,11.0,8.0,7.0,16.0,14.0,24.0,24.0,13.0,10.0,12.0,22.0,20.0,22.0,24.0,16.0,11.0,4.0,4.0,18.0,17.0,17.0
169,11.0,1.0,17.0,13.0,15.0,23.0,24.0,9.0,8.0,13.0,24.0,21.0,24.0,24.0,4.0,11.0,4.0,6.0,20.0,18.0,24.0
170,15.0,2.0,14.0,13.0,12.0,24.0,24.0,13.0,9.0,18.0,19.0,16.0,24.0,24.0,22.0,6.0,3.0,2.0,19.0,24.0,11.0
171,12.0,16.0,13.0,13.0,17.0,17.0,16.0,14.0,15.0,18.0,18.0,15.0,19.0,15.0,14.0,2.0,18.0,8.0,16.0,20.0,18.0
172,7.0,15.0,8.0,14.0,12.0,24.0,24.0,16.0,17.0,13.0,16.0,20.0,17.0,24.0,20.0,12.0,2.0,3.0,14.0,19.0,17.0
173,6.0,9.0,17.0,7.0,17.0,24.0,24.0,13.0,11.0,11.0,24.0,19.0,21.0,24.0,19.0,12.0,11.0,8.0,6.0,17.0,14.0
174,6.0,10.0,18.0,15.0,14.0,20.0,21.0,14.0,13.0,15.0,19.0,14.0,24.0,17.0,17.0,11.0,10.0,8.0,13.0,17.0,18.0
175,7.0,17.0,7.0,16.0,9.0,24.0,24.0,22.0,20.0,11.0,16.0,14.0,16.0,24.0,24.0,9.0,8.0,7.0,14.0,14.0,11.0
176,8.0,12.0,12.0,17.0,7.0,24.0,24.0,15.0,13.0,14.0,16.0,24.0,17.0,24.0,24.0,14.0,8.0,4.0,11.0,9.0,17.0
177,5.0,3.0,14.0,18.0,17.0,24.0,23.0,17.0,9.0,7.0,21.0,21.0,24.0,19.0,12.0,12.0,6.0,2.0,23.0,20.0,17.0
178,9.0,5.0,18.0,10.0,14.0,24.0,24.0,17.0,12.0,8.0,21.0,21.0,20.0,24.0,24.0,5.0,5.0,3.0,12.0,24.0,14.0
179,11.0,11.0,12.0,13.0,12.0,24.0,21.0,18.0,13.0,15.0,17.0,17.0,19.0,15.0,17.0,12.0,11.0,14.0,9.0,16.0,17.0
180,11.0,11.0,10.0,19.0,11.0,21.0,21.0,19.0,15.0,13.0,16.0,19.0,17.0,19.0,12.0,14.0,10.0,10.0,17.0,14.0,15.0
181,3.0,3.0,23.0,13.0,14.0,24.0,24.0,12.0,8.0,16.0,21.0,22.0,20.0,24.0,15.0,9.0,12.0,3.0,14.0,20.0,14.0
182,5.0,2.0,15.0,20.0,15.0,24.0,23.0,12.0,12.0,16.0,16.0,19.0,24.0,24.0,17.0,4.0,14.0,7.0,14.0,14.0,17.0
183,7.0,1.0,17.0,19.0,12.0,24.0,24.0,14.0,14.0,13.0,21.0,16.0,21.0,23.0,9.0,14.0,3.0,2.0,21.0,21.0,18.0
184,10.0,12.0,11.0,10.0,13.0,24.0,24.0,16.0,12.0,10.0,19.0,24.0,18.0,24.0,22.0,2.0,5.0,4.0,22.0,20.0,12.0
185,7.0,6.0,11.0,17.0,16.0,24.0,23.0,12.0,17.0,13.0,21.0,19.0,17.0,24.0,15.0,9.0,6.0,6.0,22.0,13.0,16.0
186,12.0,11.0,17.0,14.0,8.0,18.0,24.0,19.0,15.0,17.0,15.0,18.0,15.0,19.0,18.0,14.0,14.0,10.0,14.0,4.0,18.0
187,6.0,13.0,17.0,15.0,7.0,22.0,24.0,19.0,13.0,14.0,20.0,16.0,17.0,22.0,20.0,9.0,12.0,10.0,10.0,15.0,13.0
188,5.0,6.0,12.0,19.0,16.0,22.0,24.0,12.0,12.0,15.0,19.0,23.0,18.0,19.0,3.0,8.0,8.0,9.0,18.0,24.0,22.0
189,5.0,1.0,17.0,22.0,19.0,22.0,18.0,11.0,10.0,15.0,19.0,20.0,24.0,19.0,4.0,13.0,5.0,12.0,24.0,16.0,18.0
190,3.0,3.0,17.0,18.0,15.0,24.0,24.0,12.0,18.0,13.0,20.0,15.0,21.0,22.0,20.0,10.0,3.0,3.0,22.0,18.0,13.0
191,14.0,12.0,12.0,8.0,10.0,24.0,24.0,19.0,15.0,13.0,12.0,19.0,21.0,24.0,23.0,17.0,6.0,8.0,11.0,11.0,11.0
192,5.0,6.0,10.0,11.0,24.0,24.0,24.0,17.0,15.0,8.0,24.0,16.0,19.0,24.0,22.0,4.0,2.0,2.0,19.0,23.0,15.0
193,1.0,7.0,18.0,15.0,17.0,22.0,24.0,15.0,14.0,15.0,15.0,21.0,19.0,19.0,7.0,15.0,5.0,2.0,23.0,20.0,20.0
194,11.0,9.0,14.0,13.0,11.0,22.0,24.0,19.0,12.0,15.0,19.0,19.0,15.0,24.0,18.0,8.0,1.0,7.0,18.0,13.0,22.0
195,8.0,10.0,11.0,17.0,10.0,24.0,24.0,22.0,13.0,12.0,24.0,15.0,13.0,24.0,24.0,11.0,12.0,7.0,8.0,8.0,17.0
196,18.0,7.0,12.0,9.0,15.0,23.0,20.0,14.0,19.0,10.0,19.0,17.0,20.0,21.0,18.0,14.0,4.0,15.0,13.0,14.0,12.0
197,9.0,10.0,9.0,18.0,13.0,21.0,24.0,18.0,7.0,16.0,18.0,20.0,20.0,24.0,19.0,4.0,5.0,5.0,19.0,17.0,18.0
198,16.0,11.0,12.0,9.0,10.0,22.0,24.0,20.0,20.0,11.0,15.0,17.0,16.0,24.0,24.0,10.0,6.0,15.0,6.0,13.0,13.0
199,9.0,14.0,8.0,19.0,12.0,24.0,18.0,15.0,13.0,14.0,19.0,19.0,19.0,24.0,17.0,8.0,6.0,8.0,15.0,16.0,17.0
200,1.0,9.0,12.0,16.0,18.0,24.0,24.0,13.0,15.0,9.0,21.0,17.0,24.0,24.0,8.0,5.0,4.0,8.0,22.0,18.0,22.0
201,4.0,8.0,16.0,14.0,18.0,24.0,20.0,9.0,17.0,12.0,21.0,19.0,21.0,22.0,3.0,8.0,1.0,6.0,23.0,24.0,24.0
202,8.0,8.0,16.0,13.0,11.0,24.0,24.0,15.0,15.0,15.0,17.0,19.0,18.0,24.0,14.0,12.0,7.0,10.0,19.0,14.0,11.0
203,10.0,2.0,18.0,18.0,13.0,19.0,24.0,20.0,16.0,13.0,20.0,16.0,14.0,20.0,16.0,7.0,14.0,3.0,15.0,18.0,18.0
204,14.0,8.0,11.0,14.0,9.0,24.0,24.0,12.0,13.0,16.0,17.0,17.0,24.0,24.0,24.0,18.0,7.0,10.0,10.0,10.0,8.0
205,5.0,5.0,19.0,14.0,14.0,24.0,23.0,12.0,10.0,11.0,24.0,20.0,22.0,23.0,6.0,12.0,6.0,3.0,16.0,21.0,24.0
206,8.0,10.0,13.0,8.0,17.0,24.0,24.0,9.0,17.0,8.0,23.0,22.0,20.0,24.0,21.0,20.0,8.0,7.0,7.0,14.0,10.0
207,2.0,4.0,18.0,18.0,15.0,23.0,24.0,15.0,9.0,9.0,24.0,18.0,24.0,22.0,14.0,6.0,7.0,7.0,20.0,18.0,17.0
208,13.0,2.0,15.0,16.0,14.0,22.0,22.0,21.0,14.0,15.0,19.0,17.0,13.0,24.0,11.0,11.0,7.0,2.0,17.0,20.0,19.0
209,3.0,0.0,16.0,21.0,16.0,24.0,24.0,16.0,11.0,13.0,19.0,21.0,19.0,24.0,13.0,10.0,8.0,14.0,17.0,7.0,18.0
210,14.0,8.0,14.0,9.0,11.0,24.0,24.0,18.0,14.0,18.0,15.0,16.0,18.0,20.0,16.0,12.0,10.0,11.0,9.0,16.0,17.0
211,6.0,5.0,14.0,11.0,20.0,24.0,24.0,10.0,9.0,11.0,21.0,24.0,24.0,24.0,5.0,13.0,3.0,3.0,23.0,24.0,16.0
212,8.0,10.0,8.0,15.0,15.0,24.0,24.0,10.0,13.0,15.0,17.0,24.0,20.0,24.0,15.0,10.0,3.0,2.0,24.0,18.0,15.0
213,6.0,8.0,17.0,14.0,12.0,23.0,24.0,14.0,16.0,9.0,24.0,19.0,17.0,24.0,22.0,12.0,4.0,6.0,15.0,14.0,14.0
214,16.0,10.0,12.0,15.0,4.0,24.0,23.0,17.0,10.0,18.0,17.0,17.0,20.0,24.0,24.0,11.0,8.0,10.0,7.0,12.0,15.0
215,5.0,6.0,18.0,15.0,12.0,24.0,24.0,14.0,7.0,17.0,19.0,20.0,22.0,24.0,14.0,7.0,3.0,8.0,21.0,20.0,14.0
216,17.0,6.0,7.0,5.0,21.0,24.0,24.0,21.0,12.0,21.0,16.0,24.0,5.0,24.0,24.0,16.0,9.0,9.0,13.0,7.0,9.0
217,12.0,11.0,11.0,12.0,10.0,24.0,24.0,24.0,9.0,14.0,22.0,15.0,15.0,24.0,24.0,9.0,7.0,6.0,11.0,14.0,16.0
218,2.0,4.0,15.0,17.0,22.0,22.0,22.0,14.0,17.0,16.0,20.0,15.0,17.0,16.0,18.0,11.0,13.0,4.0,17.0,16.0,16.0
219,11.0,2.0,17.0,6.0,21.0,24.0,23.0,10.0,16.0,18.0,19.0,19.0,17.0,24.0,21.0,19.0,7.0,6.0,8.0,19.0,7.0
220,10.0,7.0,16.0,10.0,13.0,24.0,24.0,19.0,10.0,15.0,16.0,22.0,17.0,24.0,24.0,8.0,10.0,9.0,6.0,11.0,19.0
221,7.0,1.0,15.0,16.0,21.0,24.0,20.0,14.0,12.0,14.0,20.0,21.0,18.0,22.0,8.0,5.0,10.0,13.0,14.0,16.0,23.0
222,2.0,5.0,17.0,19.0,13.0,24.0,24.0,12.0,16.0,6.0,21.0,21.0,23.0,24.0,11.0,8.0,7.0,8.0,11.0,19.0,23.0
223,0.0,11.0,17.0,10.0,21.0,22.0,23.0,18.0,16.0,11.0,18.0,18.0,18.0,24.0,14.0,12.0,5.0,9.0,18.0,14.0,15.0
224,16.0,12.0,9.0,11.0,13.0,19.0,24.0,22.0,17.0,18.0,13.0,13.0,16.0,24.0,22.0,11.0,11.0,5.0,14.0,14.0,10.0
225,8.0,17.0,8.0,11.0,14.0,22.0,24.0,21.0,13.0,11.0,19.0,18.0,17.0,21.0,21.0,16.0,12.0,7.0,11.0,14.0,9.0
226,13.0,8.0,15.0,10.0,10.0,24.0,24.0,16.0,11.0,10.0,24.0,21.0,17.0,24.0,21.0,11.0,5.0,7.0,5.0,19.0,19.0
227,0.0,1.0,14.0,18.0,23.0,24.0,24.0,19.0,14.0,7.0,24.0,20.0,15.0,24.0,20.0,8.0,0.0,4.0,16.0,18.0,21.0
228,5.0,8.0,18.0,5.0,20.0,24.0,24.0,10.0,12.0,16.0,21.0,21.0,19.0,24.0,12.0,6.0,3.0,0.0,20.0,22.0,24.0
229,0.0,7.0,21.0,18.0,20.0,18.0,20.0,11.0,9.0,15.0,20.0,20.0,24.0,20.0,10.0,4.0,2.0,11.0,21.0,19.0,24.0
230,5.0,7.0,20.0,13.0,14.0,24.0,21.0,14.0,9.0,14.0,18.0,21.0,23.0,24.0,12.0,6.0,12.0,7.0,14.0,18.0,18.0
231,9.0,7.0,6.0,18.0,16.0,24.0,24.0,15.0,8.0,12.0,24.0,22.0,18.0,24.0,24.0,6.0,13.0,9.0,13.0,9.0,13.0
232,9.0,12.0,13.0,13.0,13.0,24.0,20.0,18.0,18.0,20.0,12.0,17.0,14.0,17.0,18.0,17.0,5.0,8.0,16.0,14.0,16.0
233,3.0,8.0,16.0,16.0,15.0,24.0,22.0,10.0,10.0,7.0,24.0,24.0,24.0,24.0,15.0,10.0,3.0,5.0,17.0,18.0,19.0
234,7.0,9.0,16.0,13.0,14.0,21.0,24.0,18.0,11.0,17.0,20.0,18.0,15.0,22.0,13.0,16.0,10.0,5.0,11.0,16.0,18.0
235,3.0,2.0,19.0,24.0,14.0,20.0,22.0,13.0,13.0,13.0,19.0,17.0,24.0,24.0,6.0,3.0,5.0,2.0,23.0,24.0,24.0
236,10.0,10.0,16.0,6.0,16.0,24.0,22.0,10.0,16.0,16.0,20.0,19.0,18.0,23.0,19.0,13.0,2.0,3.0,17.0,17.0,17.0
237,8.0,8.0,11.0,16.0,15.0,23.0,23.0,21.0,13.0,18.0,15.0,14.0,18.0,23.0,15.0,7.0,8.0,9.0,17.0,21.0,11.0
238,6.0,11.0,16.0,17.0,14.0,22.0,18.0,10.0,17.0,15.0,24.0,18.0,15.0,23.0,15.0,6.0,5.0,8.0,17.0,18.0,19.0
239,7.0,1.0,17.0,16.0,19.0,22.0,22.0,7.0,14.0,15.0,19.0,21.0,23.0,16.0,9.0,3.0,9.0,11.0,18.0,24.0,21.0
240,10.0,11.0,14.0,11.0,15.0,24.0,19.0,19.0,19.0,15.0,12.0,14.0,20.0,20.0,12.0,13.0,10.0,9.0,16.0,16.0,15.0
241,13.0,10.0,11.0,13.0,9.0,24.0,24.0,15.0,20.0,11.0,15.0,18.0,20.0,24.0,24.0,13.0,9.0,13.0,11.0,10.0,7.0
242,8.0,3.0,14.0,13.0,19.0,23.0,24.0,9.0,13.0,18.0,22.0,19.0,18.0,24.0,13.0,10.0,8.0,6.0,13.0,21.0,16.0
243,7.0,3.0,18.0,16.0,12.0,24.0,24.0,12.0,9.0,11.0,19.0,24.0,24.0,24.0,9.0,17.0,7.0,8.0,16.0,13.0,17.0
244,8.0,5.0,14.0,14.0,15.0,24.0,24.0,12.0,6.0,14.0,23.0,20.0,24.0,23.0,24.0,13.0,6.0,8.0,14.0,10.0,13.0
245,4.0,4.0,16.0,15.0,17.0,24.0,24.0,11.0,11.0,9.0,24.0,24.0,20.0,23.0,14.0,6.0,6.0,4.0,14.0,20.0,24.0
246,9.0,2.0,19.0,15.0,20.0,17.0,22.0,11.0,10.0,13.0,19.0,22.0,24.0,22.0,8.0,7.0,6.0,3.0,21.0,24.0,20.0
247,11.0,8.0,11.0,14.0,15.0,21.0,24.0,19.0,18.0,13.0,18.0,15.0,16.0,24.0,24.0,14.0,12.0,11.0,14.0,8.0,4.0
248,6.0,10.0,14.0,14.0,15.0,23.0,22.0,17.0,11.0,19.0,19.0,17.0,16.0,21.0,13.0,10.0,10.0,11.0,16.0,19.0,11.0
249,6.0,4.0,14.0,14.0,18.0,24.0,24.0,17.0,16.0,12.0,16.0,16.0,22.0,24.0,19.0,11.0,6.0,4.0,21.0,16.0,10.0
250,11.0,2.0,16.0,21.0,7.0,23.0,24.0,20.0,16.0,11.0,19.0,16.0,17.0,24.0,19.0,7.0,5.0,5.0,18.0,15.0,18.0
251,16.0,12.0,13.0,11.0,12.0,22.0,18.0,17.0,16.0,14.0,16.0,20.0,16.0,20.0,21.0,15.0,7.0,13.0,15.0,7.0,13.0
252,9.0,11.0,11.0,13.0,12.0,24.0,24.0,16.0,13.0,10.0,21.0,16.0,23.0,23.0,12.0,8.0,11.0,7.0,20.0,18.0,12.0
253,1.0,4.0,16.0,19.0,18.0,22.0,24.0,18.0,19.0,7.0,18.0,16.0,21.0,24.0,8.0,7.0,9.0,12.0,18.0,16.0,17.0
254,7.0,4.0,12.0,12.0,22.0,24.0,23.0,16.0,9.0,17.0,15.0,24.0,18.0,24.0,17.0,12.0,11.0,9.0,17.0,13.0,8.0
255,9.0,7.0,19.0,11.0,17.0,19.0,22.0,14.0,11.0,18.0,20.0,16.0,20.0,24.0,17.0,8.0,6.0,6.0,14.0,18.0,18.0
256,9.0,9.0,10.0,17.0,11.0,24.0,24.0,16.0,16.0,11.0,20.0,19.0,17.0,24.0,15.0,10.0,9.0,10.0,12.0,11.0,20.0
257,13.0,7.0,14.0,9.0,13.0,24.0,24.0,20.0,13.0,20.0,16.0,15.0,15.0,22.0,20.0,10.0,3.0,8.0,18.0,19.0,11.0
258,12.0,6.0,12.0,20.0,6.0,24.0,24.0,15.0,14.0,19.0,15.0,12.0,24.0,24.0,24.0,13.0,7.0,6.0,15.0,12.0,10.0
259,9.0,7.0,10.0,24.0,6.0,24.0,24.0,9.0,15.0,13.0,24.0,16.0,22.0,24.0,23.0,8.0,3.0,4.0,19.0,13.0,17.0
260,10.0,12.0,11.0,18.0,12.0,24.0,17.0,18.0,16.0,16.0,18.0,14.0,17.0,24.0,12.0,14.0,15.0,9.0,14.0,13.0,10.0
261,11.0,3.0,15.0,20.0,19.0,18.0,18.0,14.0,17.0,10.0,20.0,19.0,19.0,18.0,15.0,9.0,8.0,3.0,17.0,23.0,18.0
262,9.0,9.0,11.0,13.0,14.0,24.0,24.0,10.0,10.0,14.0,24.0,21.0,20.0,24.0,21.0,9.0,3.0,6.0,17.0,19.0,12.0
263,12.0,5.0,13.0,15.0,18.0,20.0,21.0,10.0,14.0,13.0,19.0,19.0,24.0,22.0,14.0,14.0,7.0,8.0,15.0,16.0,15.0
264,2.0,12.0,19.0,17.0,16.0,21.0,17.0,18.0,13.0,13.0,18.0,18.0,19.0,20.0,17.0,2.0,4.0,9.0,20.0,17.0,22.0
265,6.0,8.0,13.0,15.0,15.0,23.0,24.0,14.0,16.0,11.0,19.0,15.0,24.0,24.0,12.0,6.0,4.0,13.0,16.0,20.0,16.0
266,11.0,11.0,12.0,11.0,12.0,23.0,24.0,15.0,14.0,14.0,15.0,19.0,22.0,24.0,18.0,8.0,7.0,10.0,13.0,18.0,13.0
267,4.0,1.0,22.0,19.0,16.0,24.0,18.0,18.0,15.0,12.0,15.0,16.0,23.0,18.0,13.0,8.0,10.0,7.0,17.0,19.0,19.0
268,9.0,7.0,7.0,19.0,15.0,24.0,23.0,21.0,12.0,13.0,15.0,18.0,20.0,23.0,16.0,7.0,7.0,8.0,24.0,12.0,14.0
269,8.0,13.0,17.0,13.0,9.0,23.0,21.0,16.0,13.0,18.0,19.0,18.0,15.0,17.0,17.0,9.0,14.0,8.0,15.0,16.0,15.0
270,7.0,6.0,17.0,16.0,10.0,24.0,24.0,13.0,12.0,18.0,19.0,13.0,24.0,24.0,24.0,10.0,6.0,6.0,7.0,15.0,19.0
271,13.0,9.0,12.0,6.0,16.0,24.0,24.0,19.0,8.0,15.0,23.0,14.0,20.0,24.0,24.0,7.0,10.0,5.0,9.0,21.0,11.0
272,11.0,9.0,13.0,10.0,13.0,24.0,24.0,14.0,12.0,11.0,21.0,22.0,19.0,24.0,24.0,15.0,8.0,11.0,9.0,12.0,8.0
273,4.0,4.0,16.0,14.0,18.0,24.0,24.0,14.0,8.0,15.0,15.0,24.0,23.0,24.0,6.0,6.0,8.0,3.0,24.0,16.0,24.0
274,13.0,3.0,13.0,18.0,10.0,24.0,23.0,20.0,14.0,8.0,19.0,22.0,16.0,24.0,17.0,8.0,5.0,11.0,16.0,9.0,21.0
275,3.0,6.0,12.0,22.0,13.0,24.0,24.0,16.0,16.0,16.0,16.0,17.0,18.0,22.0,18.0,11.0,8.0,9.0,15.0,12.0,16.0
276,3.0,3.0,15.0,15.0,20.0,24.0,24.0,14.0,14.0,9.0,15.0,24.0,23.0,24.0,18.0,9.0,2.0,9.0,17.0,14.0,18.0
277,5.0,5.0,17.0,13.0,16.0,24.0,24.0,18.0,13.0,9.0,23.0,18.0,18.0,24.0,13.0,6.0,5.0,5.0,20.0,22.0,16.0
278,6.0,8.0,13.0,12.0,17.0,24.0,24.0,15.0,18.0,18.0,16.0,18.0,14.0,24.0,16.0,6.0,3.0,2.0,20.0,21.0,19.0
279,5.0,6.0,14.0,15.0,18.0,24.0,22.0,12.0,15.0,13.0,24.0,18.0,17.0,24.0,9.0,7.0,12.0,11.0,16.0,15.0,17.0
280,12.0,13.0,15.0,8.0,15.0,17.0,24.0,17.0,16.0,14.0,19.0,16.0,17.0,24.0,16.0,15.0,5.0,14.0,8.0,16.0,13.0
281,4.0,4.0,20.0,13.0,15.0,24.0,24.0,12.0,5.0,15.0,23.0,24.0,20.0,24.0,9.0,9.0,8.0,5.0,20.0,18.0,18.0
282,5.0,8.0,8.0,20.0,17.0,23.0,23.0,20.0,16.0,16.0,16.0,12.0,19.0,24.0,22.0,13.0,8.0,10.0,14.0,14.0,6.0
283,6.0,7.0,12.0,12.0,19.0,24.0,24.0,16.0,11.0,15.0,19.0,23.0,15.0,24.0,16.0,7.0,7.0,3.0,18.0,14.0,22.0
284,3.0,3.0,14.0,22.0,15.0,23.0,24.0,8.0,16.0,14.0,16.0,21.0,24.0,24.0,5.0,10.0,8.0,3.0,21.0,16.0,24.0
285,11.0,10.0,13.0,5.0,18.0,24.0,23.0,13.0,16.0,13.0,21.0,18.0,18.0,20.0,18.0,11.0,6.0,6.0,15.0,20.0,15.0
286,7.0,1.0,20.0,24.0,5.0,23.0,24.0,11.0,11.0,8.0,23.0,22.0,24.0,24.0,12.0,3.0,3.0,6.0,24.0,15.0,24.0
287,3.0,3.0,18.0,13.0,22.0,23.0,22.0,15.0,13.0,13.0,19.0,22.0,17.0,19.0,13.0,4.0,8.0,5.0,24.0,16.0,22.0
288,12.0,10.0,10.0,13.0,11.0,24.0,24.0,20.0,15.0,11.0,20.0,18.0,15.0,24.0,24.0,7.0,13.0,12.0,10.0,6.0,15.0
289,5.0,7.0,24.0,6.0,14.0,24.0,24.0,19.0,12.0,14.0,15.0,15.0,24.0,24.0,24.0,10.0,10.0,7.0,6.0,22.0,8.0
290,8.0,13.0,8.0,12.0,15.0,24.0,24.0,24.0,12.0,13.0,23.0,17.0,10.0,24.0,24.0,6.0,9.0,9.0,14.0,10.0,15.0
291,2.0,1.0,20.0,24.0,9.0,24.0,24.0,18.0,7.0,5.0,24.0,21.0,24.0,24.0,13.0,5.0,8.0,4.0,24.0,9.0,24.0
292,7.0,10.0,16.0,9.0,14.0,24.0,24.0,19.0,18.0,14.0,16.0,16.0,16.0,22.0,22.0,8.0,10.0,11.0,10.0,11.0,17.0
293,11.0,10.0,13.0,18.0,10.0,21.0,21.0,18.0,12.0,11.0,19.0,20.0,19.0,20.0,24.0,11.0,12.0,7.0,14.0,12.0,11.0
294,4.0,3.0,17.0,20.0,21.0,20.0,19.0,5.0,13.0,10.0,24.0,24.0,23.0,18.0,9.0,5.0,5.0,4.0,24.0,24.0,22.0
295,5.0,4.0,18.0,23.0,6.0,24.0,24.0,21.0,11.0,13.0,15.0,17.0,22.0,24.0,22.0,5.0,3.0,8.0,15.0,16.0,18.0
296,5.0,10.0,13.0,12.0,16.0,24.0,24.0,16.0,17.0,18.0,24.0,14.0,10.0,24.0,17.0,8.0,6.0,5.0,14.0,17.0,20.0
297,6.0,11.0,17.0,15.0,7.0,24.0,24.0,16.0,12.0,13.0,16.0,18.0,24.0,24.0,20.0,11.0,10.0,11.0,14.0,13.0,8.0
298,5.0,9.0,12.0,18.0,13.0,23.0,24.0,14.0,16.0,14.0,24.0,17.0,14.0,22.0,15.0,14.0,7.0,5.0,16.0,14.0,18.0
299,9.0,6.0,14.0,16.0,11.0,24.0,24.0,17.0,10.0,9.0,24.0,15.0,24.0,24.0,22.0,10.0,3.0,6.0,8.0,22.0,16.0
300,3.0,3.0,18.0,20.0,12.0,24.0,24.0,9.0,15.0,9.0,24.0,19.0,23.0,23.0,18.0,7.0,2.0,6.0,18.0,14.0,23.0
301,5.0,8.0,13.0,17.0,13.0,24.0,24.0,8.0,17.0,15.0,15.0,20.0,24.0,24.0,24.0,11.0,6.0,6.0,13.0,15.0,12.0
302,4.0,10.0,16.0,13.0,13.0,24.0,24.0,13.0,19.0,13.0,20.0,20.0,14.0,22.0,20.0,16.0,6.0,7.0,10.0,15.0,15.0
303,8.0,8.0,18.0,8.0,14.0,24.0,24.0,15.0,11.0,14.0,16.0,22.0,21.0,24.0,24.0,5.0,5.0,8.0,17.0,17.0,11.0
304,4.0,5.0,19.0,13.0,15.0,24.0,24.0,13.0,20.0,10.0,19.0,21.0,16.0,22.0,10.0,7.0,11.0,7.0,18.0,19.0,17.0
305,11.0,13.0,10.0,11.0,11.0,24.0,24.0,23.0,15.0,15.0,14.0,13.0,19.0,24.0,24.0,8.0,6.0,7.0,12.0,20.0,10.0
306,4.0,4.0,18.0,16.0,17.0,21.0,24.0,13.0,16.0,9.0,24.0,21.0,16.0,24.0,10.0,11.0,6.0,5.0,13.0,22.0,20.0
307,15.0,8.0,13.0,7.0,13.0,24.0,24.0,21.0,16.0,8.0,19.0,20.0,15.0,24.0,24.0,12.0,7.0,12.0,4.0,13.0,15.0
308,7.0,11.0,11.0,18.0,9.0,24.0,24.0,18.0,16.0,16.0,16.0,14.0,19.0,24.0,19.0,14.0,17.0,10.0,8.0,7.0,12.0
309,3.0,2.0,16.0,20.0,16.0,23.0,24.0,12.0,12.0,19.0,21.0,16.0,19.0,24.0,17.0,8.0,12.0,8.0,10.0,15.0,17.0
310,6.0,5.0,19.0,18.0,12.0,20.0,24.0,16.0,12.0,16.0,20.0,19.0,16.0,24.0,15.0,6.0,7.0,11.0,21.0,11.0,16.0
311,10.0,3.0,15.0,17.0,17.0,21.0,21.0,14.0,7.0,17.0,20.0,22.0,19.0,24.0,6.0,3.0,9.0,2.0,24.0,21.0,22.0
312,2.0,14.0,13.0,15.0,22.0,21.0,17.0,15.0,14.0,14.0,19.0,18.0,19.0,21.0,15.0,3.0,13.0,12.0,17.0,13.0,17.0
313,12.0,10.0,11.0,14.0,9.0,24.0,24.0,21.0,15.0,14.0,18.0,17.0,14.0,24.0,24.0,8.0,13.0,11.0,9.0,13.0,9.0
314,7.0,11.0,11.0,17.0,10.0,24.0,24.0,14.0,22.0,20.0,10.0,17.0,16.0,24.0,24.0,18.0,6.0,7.0,16.0,7.0,9.0
315,7.0,10.0,18.0,13.0,20.0,17.0,19.0,17.0,14.0,14.0,14.0,20.0,20.0,18.0,14.0,11.0,17.0,10.0,14.0,15.0,12.0
316,5.0,6.0,18.0,15.0,13.0,23.0,24.0,19.0,15.0,12.0,21.0,15.0,17.0,23.0,7.0,10.0,15.0,7.0,12.0,19.0,18.0
317,13.0,11.0,12.0,13.0,9.0,24.0,22.0,17.0,15.0,13.0,15.0,22.0,17.0,24.0,18.0,8.0,7.0,13.0,12.0,10.0,19.0
318,5.0,5.0,14.0,12.0,20.0,24.0,24.0,19.0,8.0,10.0,20.0,24.0,18.0,24.0,8.0,3.0,11.0,4.0,16.0,24.0,21.0
319,7.0,6.0,20.0,14.0,16.0,20.0,21.0,17.0,14.0,9.0,19.0,19.0,21.0,19.0,5.0,17.0,5.0,4.0,22.0,19.0,20.0
320,9.0,11.0,9.0,18.0,9.0,24.0,24.0,20.0,17.0,17.0,16.0,17.0,12.0,21.0,24.0,14.0,12.0,4.0,17.0,7.0,12.0
321,11.0,12.0,14.0,11.0,8.0,24.0,24.0,20.0,10.0,9.0,23.0,14.0,23.0,24.0,22.0,12.0,9.0,5.0,5.0,20.0,14.0
322,5.0,6.0,4.0,17.0,24.0,24.0,24.0,18.0,4.0,15.0,23.0,20.0,19.0,24.0,24.0,5.0,12.0,6.0,20.0,11.0,9.0
323,10.0,8.0,12.0,16.0,11.0,24.0,23.0,14.0,11.0,15.0,16.0,23.0,20.0,24.0,16.0,3.0,4.0,3.0,21.0,16.0,24.0
324,6.0,5.0,16.0,17.0,12.0,24.0,24.0,11.0,18.0,10.0,17.0,24.0,19.0,21.0,16.0,3.0,11.0,5.0,19.0,18.0,18.0
325,4.0,2.0,19.0,15.0,19.0,21.0,24.0,18.0,12.0,15.0,19.0,16.0,19.0,24.0,7.0,8.0,12.0,7.0,15.0,23.0,15.0
326,0.0,9.0,20.0,15.0,16.0,23.0,21.0,13.0,19.0,14.0,22.0,20.0,11.0,21.0,12.0,13.0,3.0,8.0,18.0,15.0,21.0
327,11.0,3.0,9.0,14.0,19.0,24.0,24.0,21.0,0.0,12.0,23.0,24.0,19.0,24.0,10.0,3.0,3.0,3.0,24.0,21.0,23.0
328,8.0,12.0,16.0,6.0,16.0,24.0,22.0,21.0,15.0,15.0,15.0,18.0,15.0,18.0,16.0,11.0,8.0,4.0,15.0,22.0,17.0
329,12.0,10.0,13.0,13.0,8.0,24.0,24.0,14.0,10.0,12.0,16.0,23.0,24.0,24.0,24.0,14.0,7.0,8.0,16.0,9.0,9.0
330,6.0,10.0,13.0,17.0,12.0,24.0,22.0,12.0,12.0,18.0,18.0,21.0,18.0,21.0,10.0,7.0,6.0,10.0,16.0,17.0,24.0
331,3.0,4.0,21.0,16.0,18.0,20.0,22.0,10.0,13.0,16.0,22.0,16.0,22.0,21.0,11.0,6.0,5.0,10.0,24.0,17.0,17.0
332,4.0,2.0,20.0,15.0,20.0,21.0,22.0,19.0,10.0,13.0,18.0,19.0,20.0,20.0,2.0,5.0,11.0,8.0,24.0,18.0,23.0
333,11.0,8.0,10.0,14.0,16.0,21.0,24.0,17.0,14.0,17.0,17.0,17.0,17.0,21.0,24.0,7.0,9.0,12.0,17.0,12.0,9.0
334,3.0,7.0,18.0,19.0,19.0,20.0,18.0,16.0,15.0,10.0,20.0,21.0,17.0,24.0,9.0,11.0,6.0,6.0,18.0,19.0,18.0
335,7.0,6.0,16.0,15.0,13.0,23.0,24.0,16.0,11.0,18.0,18.0,16.0,20.0,24.0,15.0,10.0,7.0,7.0,19.0,17.0,12.0
336,7.0,5.0,10.0,19.0,15.0,24.0,24.0,13.0,12.0,6.0,24.0,20.0,24.0,24.0,23.0,11.0,6.0,5.0,18.0,14.0,10.0
337,11.0,8.0,18.0,14.0,11.0,21.0,21.0,12.0,16.0,11.0,18.0,23.0,19.0,19.0,13.0,8.0,9.0,4.0,19.0,15.0,24.0
338,3.0,10.0,14.0,15.0,16.0,22.0,24.0,15.0,14.0,11.0,21.0,19.0,19.0,24.0,12.0,3.0,15.0,4.0,17.0,18.0,18.0
339,12.0,7.0,19.0,10.0,13.0,24.0,19.0,15.0,11.0,12.0,18.0,21.0,22.0,20.0,14.0,5.0,8.0,10.0,20.0,14.0,20.0
340,3.0,2.0,18.0,17.0,20.0,23.0,21.0,18.0,17.0,8.0,18.0,19.0,19.0,24.0,10.0,11.0,14.0,9.0,10.0,16.0,17.0
341,12.0,14.0,11.0,11.0,10.0,24.0,22.0,24.0,15.0,16.0,20.0,11.0,13.0,21.0,24.0,10.0,11.0,5.0,10.0,14.0,16.0
342,3.0,3.0,20.0,17.0,19.0,18.0,24.0,12.0,10.0,9.0,24.0,20.0,24.0,24.0,3.0,4.0,15.0,5.0,20.0,19.0,21.0
343,8.0,6.0,15.0,14.0,13.0,24.0,24.0,18.0,9.0,15.0,20.0,18.0,19.0,20.0,15.0,5.0,4.0,8.0,15.0,24.0,20.0
344,9.0,11.0,15.0,11.0,12.0,24.0,22.0,13.0,19.0,13.0,21.0,16.0,17.0,17.0,19.0,13.0,11.0,9.0,7.0,20.0,15.0
345,7.0,1.0,17.0,21.0,16.0,22.0,20.0,20.0,16.0,11.0,17.0,20.0,15.0,18.0,20.0,5.0,4.0,12.0,20.0,16.0,16.0
346,3.0,2.0,20.0,12.0,19.0,24.0,24.0,7.0,18.0,10.0,24.0,24.0,16.0,24.0,16.0,3.0,5.0,4.0,13.0,24.0,22.0
347,6.0,5.0,12.0,15.0,21.0,24.0,21.0,10.0,10.0,9.0,24.0,24.0,22.0,24.0,4.0,4.0,2.0,6.0,24.0,23.0,24.0
348,4.0,1.0,17.0,16.0,18.0,24.0,24.0,20.0,11.0,18.0,15.0,20.0,15.0,23.0,24.0,7.0,16.0,8.0,8.0,12.0,13.0
349,8.0,8.0,14.0,11.0,16.0,23.0,24.0,11.0,13.0,18.0,19.0,19.0,19.0,23.0,22.0,14.0,14.0,3.0,16.0,9.0,10.0
350,10.0,3.0,19.0,21.0,18.0,15.0,18.0,17.0,14.0,15.0,21.0,14.0,18.0,19.0,9.0,6.0,16.0,6.0,17.0,18.0,20.0
351,5.0,9.0,11.0,18.0,13.0,24.0,24.0,19.0,13.0,14.0,18.0,16.0,19.0,24.0,22.0,4.0,13.0,5.0,16.0,9.0,18.0
352,4.0,4.0,12.0,20.0,20.0,24.0,20.0,12.0,15.0,12.0,22.0,21.0,17.0,21.0,7.0,4.0,1.0,11.0,23.0,21.0,23.0
353,8.0,4.0,15.0,20.0,20.0,19.0,18.0,10.0,17.0,17.0,18.0,15.0,22.0,16.0,9.0,14.0,12.0,5.0,21.0,16.0,18.0
354,7.0,5.0,18.0,12.0,14.0,24.0,24.0,16.0,10.0,15.0,19.0,20.0,19.0,17.0,11.0,9.0,7.0,8.0,18.0,24.0,17.0
355,7.0,8.0,11.0,11.0,19.0,24.0,24.0,16.0,16.0,9.0,24.0,16.0,18.0,24.0,17.0,8.0,3.0,7.0,16.0,24.0,12.0
356,9.0,8.0,13.0,13.0,16.0,22.0,23.0,18.0,13.0,17.0,21.0,14.0,16.0,24.0,21.0,9.0,7.0,11.0,16.0,13.0,10.0
357,6.0,7.0,15.0,13.0,17.0,22.0,24.0,17.0,15.0,10.0,15.0,18.0,24.0,19.0,16.0,12.0,5.0,10.0,16.0,18.0,15.0
358,12.0,11.0,12.0,13.0,9.0,23.0,24.0,17.0,10.0,16.0,21.0,18.0,17.0,24.0,15.0,14.0,11.0,5.0,17.0,13.0,12.0
359,6.0,4.0,16.0,18.0,12.0,24.0,24.0,13.0,12.0,7.0,23.0,20.0,24.0,22.0,7.0,6.0,8.0,3.0,24.0,23.0,18.0
360,11.0,10.0,8.0,19.0,8.0,24.0,24.0,13.0,12.0,15.0,24.0,17.0,18.0,22.0,23.0,15.0,9.0,2.0,12.0,11.0,17.0
361,9.0,8.0,15.0,12.0,16.0,20.0,24.0,11.0,17.0,14.0,19.0,18.0,20.0,21.0,8.0,6.0,12.0,4.0,15.0,21.0,24.0
362,5.0,5.0,16.0,13.0,18.0,23.0,24.0,17.0,7.0,12.0,21.0,21.0,21.0,22.0,3.0,5.0,9.0,9.0,19.0,21.0,23.0
363,8.0,10.0,14.0,16.0,8.0,24.0,24.0,18.0,13.0,16.0,14.0,19.0,19.0,24.0,24.0,8.0,16.0,9.0,10.0,10.0,10.0
364,9.0,11.0,14.0,17.0,12.0,19.0,22.0,13.0,17.0,13.0,17.0,19.0,20.0,24.0,15.0,10.0,6.0,8.0,13.0,18.0,17.0
365,2.0,2.0,20.0,16.0,21.0,24.0,19.0,16.0,13.0,10.0,20.0,16.0,24.0,24.0,10.0,9.0,5.0,6.0,19.0,18.0,20.0
366,6.0,3.0,21.0,13.0,19.0,21.0,21.0,16.0,15.0,15.0,15.0,16.0,22.0,21.0,8.0,11.0,15.0,7.0,13.0,17.0,19.0
367,7.0,7.0,18.0,15.0,17.0,19.0,21.0,14.0,11.0,13.0,19.0,21.0,21.0,20.0,17.0,2.0,10.0,7.0,20.0,15.0,20.0
368,8.0,10.0,10.0,16.0,16.0,23.0,21.0,18.0,18.0,12.0,19.0,19.0,13.0,24.0,22.0,9.0,3.0,15.0,12.0,12.0,14.0
369,11.0,5.0,21.0,14.0,13.0,18.0,22.0,13.0,15.0,13.0,20.0,19.0,19.0,18.0,16.0,5.0,8.0,12.0,17.0,21.0,14.0
370,3.0,4.0,19.0,15.0,15.0,24.0,24.0,20.0,7.0,13.0,18.0,17.0,24.0,24.0,12.0,7.0,3.0,8.0,18.0,23.0,16.0
371,6.0,5.0,13.0,18.0,19.0,21.0,22.0,14.0,16.0,12.0,22.0,17.0,18.0,21.0,18.0,9.0,8.0,14.0,16.0,17.0,8.0
372,10.0,6.0,18.0,18.0,15.0,21.0,16.0,8.0,18.0,17.0,17.0,18.0,21.0,19.0,8.0,10.0,8.0,17.0,14.0,18.0,17.0
373,7.0,9.0,14.0,15.0,12.0,24.0,23.0,10.0,15.0,9.0,24.0,21.0,20.0,24.0,17.0,11.0,8.0,10.0,14.0,13.0,14.0
374,4.0,6.0,16.0,17.0,17.0,20.0,24.0,14.0,10.0,12.0,20.0,19.0,24.0,22.0,7.0,7.0,10.0,9.0,14.0,21.0,21.0
375,14.0,9.0,15.0,11.0,12.0,24.0,19.0,17.0,13.0,16.0,13.0,20.0,20.0,24.0,19.0,15.0,10.0,3.0,11.0,17.0,12.0
376,12.0,10.0,14.0,12.0,8.0,24.0,24.0,24.0,12.0,19.0,13.0,17.0,14.0,23.0,24.0,9.0,16.0,6.0,12.0,7.0,14.0
377,17.0,6.0,8.0,12.0,13.0,24.0,24.0,15.0,2.0,16.0,20.0,24.0,22.0,24.0,18.0,11.0,8.0,0.0,18.0,12.0,20.0
378,4.0,5.0,19.0,13.0,16.0,24.0,23.0,13.0,17.0,11.0,14.0,20.0,24.0,24.0,19.0,7.0,3.0,2.0,21.0,16.0,19.0
379,8.0,7.0,18.0,16.0,7.0,24.0,24.0,15.0,14.0,15.0,21.0,17.0,17.0,21.0,17.0,10.0,12.0,3.0,11.0,19.0,18.0
380,7.0,12.0,19.0,12.0,6.0,24.0,24.0,13.0,13.0,11.0,14.0,24.0,24.0,24.0,24.0,11.0,10.0,7.0,8.0,12.0,15.0
381,7.0,7.0,20.0,11.0,11.0,24.0,24.0,19.0,8.0,9.0,20.0,19.0,24.0,24.0,24.0,4.0,4.0,5.0,10.0,20.0,20.0
382,3.0,6.0,17.0,17.0,19.0,22.0,20.0,16.0,14.0,13.0,17.0,16.0,23.0,20.0,10.0,7.0,12.0,8.0,17.0,16.0,21.0
383,8.0,11.0,13.0,14.0,11.0,23.0,24.0,16.0,16.0,12.0,19.0,17.0,19.0,24.0,11.0,17.0,10.0,9.0,14.0,16.0,10.0
384,6.0,8.0,9.0,20.0,15.0,23.0,23.0,13.0,12.0,12.0,24.0,19.0,19.0,19.0,13.0,6.0,6.0,4.0,23.0,19.0,21.0
385,6.0,10.0,7.0,15.0,18.0,24.0,24.0,16.0,12.0,5.0,23.0,24.0,19.0,24.0,18.0,5.0,5.0,7.0,17.0,17.0,18.0
386,8.0,7.0,15.0,7.0,19.0,24.0,24.0,20.0,10.0,15.0,20.0,17.0,17.0,17.0,17.0,6.0,11.0,13.0,17.0,17.0,13.0
387,3.0,2.0,14.0,24.0,14.0,24.0,23.0,3.0,17.0,11.0,24.0,20.0,24.0,24.0,6.0,6.0,8.0,5.0,23.0,15.0,24.0
388,8.0,9.0,11.0,17.0,11.0,24.0,24.0,14.0,12.0,12.0,19.0,18.0,24.0,24.0,24.0,10.0,7.0,7.0,18.0,12.0,9.0
389,7.0,10.0,12.0,17.0,10.0,24.0,24.0,23.0,10.0,13.0,19.0,10.0,24.0,24.0,24.0,8.0,12.0,11.0,11.0,13.0,8.0
390,11.0,13.0,16.0,16.0,4.0,24.0,20.0,18.0,18.0,19.0,13.0,17.0,14.0,21.0,20.0,16.0,7.0,10.0,8.0,14.0,15.0
391,6.0,6.0,15.0,15.0,17.0,22.0,23.0,15.0,11.0,13.0,21.0,18.0,21.0,24.0,21.0,3.0,10.0,3.0,15.0,18.0,17.0
392,14.0,12.0,12.0,21.0,11.0,16.0,18.0,18.0,14.0,15.0,19.0,14.0,19.0,19.0,20.0,11.0,11.0,16.0,10.0,13.0,11.0
393,8.0,7.0,10.0,23.0,8.0,24.0,24.0,15.0,8.0,10.0,24.0,18.0,24.0,24.0,15.0,5.0,7.0,8.0,15.0,15.0,22.0
394,7.0,0.0,20.0,19.0,12.0,24.0,22.0,14.0,14.0,11.0,16.0,22.0,22.0,24.0,12.0,3.0,5.0,4.0,21.0,21.0,21.0
395,4.0,10.0,15.0,12.0,20.0,24.0,19.0,16.0,13.0,8.0,21.0,22.0,19.0,17.0,13.0,5.0,10.0,13.0,15.0,20.0,18.0
396,7.0,8.0,21.0,10.0,10.0,24.0,24.0,11.0,10.0,14.0,24.0,20.0,20.0,24.0,15.0,6.0,8.0,3.0,10.0,23.0,22.0
397,1.0,1.0,16.0,17.0,21.0,24.0,24.0,13.0,11.0,8.0,24.0,21.0,22.0,24.0,21.0,7.0,10.0,12.0,9.0,15.0,13.0
398,4.0,2.0,20.0,10.0,21.0,23.0,24.0,16.0,16.0,10.0,21.0,16.0,20.0,24.0,11.0,9.0,7.0,10.0,15.0,18.0,17.0
399,12.0,13.0,11.0,13.0,9.0,22.0,24.0,18.0,12.0,16.0,17.0,16.0,20.0,21.0,24.0,18.0,7.0,12.0,11.0,7.0,11.0
400,2.0,1.0,9.0,21.0,23.0,24.0,24.0,11.0,14.0,17.0,24.0,16.0,17.0,24.0,23.0,7.0,8.0,10.0,17.0,10.0,12.0
401,4.0,2.0,19.0,16.0,15.0,24.0,24.0,12.0,10.0,14.0,18.0,22.0,23.0,22.0,16.0,3.0,11.0,3.0,19.0,15.0,22.0
402,10.0,11.0,12.0,15.0,9.0,24.0,23.0,17.0,16.0,20.0,17.0,11.0,18.0,18.0,18.0,16.0,6.0,4.0,16.0,18.0,15.0
403,9.0,10.0,9.0,14.0,16.0,22.0,24.0,16.0,14.0,17.0,19.0,17.0,16.0,24.0,24.0,10.0,14.0,10.0,10.0,10.0,9.0
404,18.0,10.0,9.0,5.0,14.0,24.0,24.0,20.0,13.0,18.0,17.0,19.0,12.0,21.0,24.0,16.0,5.0,3.0,14.0,17.0,11.0
405,11.0,3.0,12.0,22.0,17.0,22.0,17.0,14.0,17.0,12.0,19.0,16.0,21.0,23.0,17.0,10.0,1.0,9.0,18.0,15.0,18.0
406,10.0,8.0,16.0,15.0,10.0,21.0,24.0,11.0,14.0,15.0,19.0,21.0,19.0,24.0,7.0,6.0,12.0,13.0,18.0,16.0,15.0
407,5.0,5.0,11.0,14.0,21.0,24.0,24.0,11.0,10.0,12.0,20.0,22.0,24.0,24.0,18.0,8.0,4.0,3.0,24.0,18.0,12.0
408,6.0,4.0,18.0,18.0,16.0,18.0,24.0,13.0,10.0,18.0,18.0,17.0,23.0,18.0,11.0,14.0,7.0,6.0,16.0,18.0,21.0
409,4.0,3.0,15.0,19.0,15.0,24.0,24.0,14.0,10.0,13.0,23.0,15.0,24.0,24.0,8.0,13.0,11.0,6.0,18.0,13.0,18.0
410,8.0,9.0,13.0,14.0,12.0,24.0,24.0,11.0,18.0,17.0,18.0,18.0,17.0,22.0,16.0,3.0,9.0,3.0,17.0,19.0,22.0
411,13.0,8.0,8.0,12.0,15.0,24.0,24.0,14.0,12.0,11.0,22.0,24.0,16.0,24.0,18.0,7.0,2.0,7.0,18.0,19.0,16.0
412,6.0,3.0,15.0,10.0,22.0,24.0,24.0,12.0,14.0,12.0,21.0,24.0,16.0,24.0,23.0,4.0,3.0,1.0,22.0,24.0,10.0
413,5.0,5.0,20.0,4.0,22.0,24.0,24.0,13.0,13.0,11.0,24.0,24.0,14.0,24.0,12.0,5.0,3.0,6.0,13.0,24.0,24.0
414,10.0,10.0,12.0,14.0,14.0,20.0,24.0,21.0,13.0,11.0,16.0,17.0,21.0,18.0,17.0,13.0,9.0,5.0,16.0,19.0,14.0
415,2.0,8.0,15.0,14.0,24.0,19.0,22.0,19.0,12.0,11.0,19.0,20.0,18.0,19.0,15.0,4.0,9.0,10.0,17.0,21.0,16.0
416,5.0,11.0,14.0,15.0,12.0,24.0,23.0,18.0,15.0,13.0,18.0,16.0,19.0,24.0,18.0,3.0,3.0,10.0,10.0,20.0,23.0
417,8.0,11.0,15.0,9.0,13.0,24.0,24.0,22.0,18.0,10.0,16.0,16.0,17.0,24.0,17.0,8.0,8.0,9.0,10.0,19.0,16.0
418,11.0,9.0,17.0,9.0,16.0,18.0,24.0,13.0,12.0,17.0,21.0,19.0,17.0,22.0,15.0,12.0,6.0,6.0,17.0,16.0,17.0
419,7.0,0.0,16.0,13.0,22.0,23.0,23.0,12.0,8.0,16.0,21.0,24.0,18.0,24.0,13.0,1.0,8.0,5.0,18.0,23.0,19.0
420,3.0,3.0,18.0,17.0,19.0,23.0,21.0,13.0,9.0,13.0,22.0,18.0,24.0,19.0,17.0,10.0,6.0,0.0,22.0,16.0,21.0
421,10.0,3.0,17.0,16.0,21.0,17.0,20.0,16.0,12.0,15.0,18.0,19.0,19.0,23.0,11.0,15.0,4.0,13.0,12.0,16.0,17.0
422,8.0,3.0,17.0,10.0,18.0,24.0,24.0,10.0,6.0,14.0,23.0,24.0,22.0,22.0,16.0,11.0,6.0,4.0,10.0,24.0,18.0
423,5.0,3.0,21.0,18.0,9.0,24.0,24.0,14.0,7.0,6.0,24.0,24.0,24.0,24.0,10.0,8.0,4.0,7.0,18.0,16.0,24.0
424,11.0,1.0,20.0,12.0,17.0,22.0,21.0,19.0,12.0,17.0,14.0,21.0,16.0,22.0,16.0,4.0,16.0,4.0,16.0,17.0,16.0
425,4.0,7.0,19.0,16.0,13.0,24.0,21.0,14.0,15.0,13.0,24.0,15.0,18.0,23.0,18.0,9.0,4.0,2.0,16.0,19.0,20.0
426,4.0,2.0,17.0,9.0,24.0,24.0,24.0,18.0,18.0,17.0,21.0,15.0,10.0,24.0,17.0,7.0,6.0,6.0,14.0,24.0,13.0
427,9.0,7.0,13.0,13.0,23.0,22.0,17.0,16.0,12.0,15.0,20.0,18.0,18.0,23.0,15.0,4.0,1.0,9.0,18.0,22.0,19.0
428,4.0,13.0,11.0,9.0,19.0,24.0,24.0,15.0,15.0,14.0,17.0,19.0,19.0,22.0,20.0,17.0,9.0,3.0,17.0,11.0,12.0
429,4.0,7.0,12.0,18.0,17.0,22.0,24.0,17.0,9.0,13.0,20.0,24.0,16.0,24.0,17.0,6.0,14.0,3.0,14.0,17.0,16.0
430,11.0,15.0,13.0,12.0,12.0,24.0,17.0,16.0,14.0,15.0,18.0,18.0,18.0,24.0,19.0,15.0,13.0,5.0,13.0,10.0,12.0
431,8.0,5.0,20.0,14.0,9.0,24.0,24.0,11.0,17.0,14.0,19.0,19.0,19.0,24.0,14.0,5.0,8.0,5.0,20.0,20.0,15.0
432,5.0,3.0,22.0,15.0,13.0,22.0,24.0,15.0,14.0,17.0,20.0,13.0,20.0,22.0,15.0,8.0,10.0,12.0,13.0,15.0,16.0
433,4.0,4.0,12.0,16.0,20.0,24.0,24.0,9.0,10.0,8.0,24.0,24.0,24.0,18.0,8.0,2.0,4.0,10.0,24.0,24.0,21.0
434,11.0,15.0,6.0,5.0,19.0,24.0,24.0,15.0,16.0,13.0,24.0,18.0,13.0,24.0,24.0,15.0,9.0,5.0,9.0,17.0,8.0
435,2.0,4.0,17.0,16.0,20.0,24.0,21.0,10.0,11.0,10.0,20.0,24.0,24.0,24.0,12.0,5.0,4.0,1.0,24.0,18.0,23.0
436,4.0,3.0,17.0,15.0,17.0,24.0,24.0,18.0,14.0,17.0,16.0,17.0,17.0,24.0,6.0,5.0,6.0,4.0,21.0,21.0,24.0
437,8.0,9.0,20.0,9.0,10.0,24.0,24.0,16.0,11.0,5.0,24.0,20.0,23.0,24.0,16.0,3.0,8.0,3.0,10.0,23.0,24.0
438,7.0,7.0,17.0,15.0,10.0,24.0,24.0,17.0,16.0,11.0,16.0,19.0,20.0,17.0,19.0,14.0,13.0,12.0,7.0,14.0,15.0
439,2.0,3.0,18.0,22.0,15.0,22.0,22.0,15.0,9.0,17.0,18.0,18.0,22.0,24.0,19.0,6.0,2.0,1.0,18.0,20.0,21.0
440,10.0,7.0,17.0,16.0,15.0,24.0,15.0,13.0,11.0,19.0,19.0,17.0,20.0,22.0,13.0,10.0,10.0,6.0,20.0,18.0,12.0
441,1.0,13.0,11.0,14.0,17.0,24.0,24.0,18.0,17.0,13.0,18.0,18.0,15.0,24.0,20.0,5.0,13.0,4.0,10.0,14.0,21.0
442,1.0,1.0,16.0,19.0,22.0,24.0,21.0,13.0,17.0,13.0,19.0,19.0,18.0,24.0,16.0,5.0,4.0,10.0,16.0,17.0,19.0
443,8.0,10.0,13.0,11.0,16.0,24.0,22.0,18.0,15.0,15.0,15.0,14.0,22.0,24.0,18.0,14.0,10.0,10.0,10.0,12.0,13.0
444,1.0,0.0,21.0,15.0,24.0,23.0,20.0,9.0,14.0,7.0,21.0,24.0,24.0,24.0,5.0,8.0,5.0,10.0,20.0,20.0,19.0
445,2.0,4.0,17.0,14.0,20.0,23.0,24.0,13.0,11.0,21.0,16.0,17.0,21.0,24.0,11.0,5.0,4.0,3.0,23.0,24.0,17.0
446,8.0,8.0,15.0,11.0,14.0,24.0,24.0,12.0,8.0,15.0,18.0,23.0,23.0,24.0,13.0,9.0,5.0,7.0,22.0,13.0,18.0
447,9.0,11.0,16.0,9.0,11.0,24.0,24.0,13.0,14.0,10.0,17.0,24.0,21.0,24.0,13.0,12.0,9.0,10.0,15.0,14.0,14.0
448,12.0,5.0,16.0,7.0,17.0,24.0,23.0,19.0,10.0,16.0,18.0,18.0,18.0,24.0,24.0,15.0,8.0,11.0,11.0,11.0,7.0
449,3.0,4.0,12.0,20.0,21.0,24.0,20.0,8.0,15.0,8.0,24.0,20.0,24.0,20.0,7.0,3.0,6.0,7.0,21.0,24.0,23.0
450,2.0,2.0,17.0,17.0,18.0,24.0,24.0,17.0,6.0,17.0,17.0,19.0,23.0,24.0,5.0,10.0,13.0,1.0,24.0,16.0,18.0
451,3.0,15.0,15.0,9.0,14.0,24.0,24.0,12.0,9.0,11.0,19.0,24.0,24.0,24.0,16.0,4.0,4.0,1.0,17.0,21.0,24.0
452,6.0,3.0,16.0,17.0,17.0,21.0,24.0,22.0,15.0,15.0,16.0,16.0,15.0,22.0,21.0,4.0,10.0,6.0,16.0,16.0,16.0
453,7.0,11.0,13.0,12.0,13.0,24.0,24.0,20.0,16.0,16.0,14.0,16.0,17.0,24.0,19.0,12.0,5.0,16.0,13.0,11.0,11.0
454,7.0,1.0,9.0,17.0,22.0,24.0,24.0,10.0,9.0,14.0,24.0,24.0,18.0,24.0,17.0,8.0,14.0,3.0,20.0,15.0,10.0
455,10.0,8.0,15.0,15.0,8.0,24.0,24.0,13.0,16.0,14.0,19.0,21.0,16.0,24.0,22.0,13.0,3.0,7.0,14.0,9.0,19.0
456,14.0,12.0,10.0,14.0,13.0,21.0,20.0,20.0,16.0,16.0,17.0,13.0,17.0,18.0,19.0,19.0,12.0,10.0,8.0,15.0,10.0
457,6.0,3.0,19.0,21.0,7.0,24.0,24.0,13.0,7.0,9.0,24.0,22.0,24.0,23.0,2.0,2.0,12.0,6.0,19.0,24.0,23.0
458,5.0,17.0,10.0,12.0,12.0,24.0,24.0,19.0,15.0,15.0,16.0,16.0,18.0,18.0,20.0,19.0,12.0,4.0,12.0,15.0,11.0
459,8.0,8.0,20.0,13.0,7.0,24.0,24.0,15.0,12.0,14.0,13.0,21.0,24.0,24.0,24.0,9.0,7.0,8.0,13.0,12.0,14.0
460,12.0,12.0,16.0,12.0,16.0,17.0,19.0,16.0,15.0,16.0,17.0,16.0,19.0,24.0,15.0,8.0,12.0,12.0,19.0,12.0,9.0
461,10.0,7.0,12.0,7.0,21.0,24.0,23.0,17.0,8.0,12.0,21.0,24.0,17.0,24.0,21.0,5.0,7.0,6.0,18.0,17.0,13.0
462,9.0,9.0,16.0,14.0,8.0,24.0,24.0,16.0,12.0,13.0,22.0,19.0,17.0,24.0,12.0,8.0,4.0,12.0,15.0,17.0,19.0
463,7.0,4.0,17.0,14.0,20.0,18.0,24.0,15.0,13.0,14.0,21.0,22.0,14.0,19.0,19.0,9.0,12.0,3.0,15.0,14.0,20.0
464,6.0,10.0,15.0,18.0,9.0,24.0,22.0,16.0,16.0,8.0,17.0,18.0,24.0,24.0,10.0,6.0,12.0,9.0,16.0,17.0,17.0
465,7.0,8.0,16.0,13.0,12.0,24.0,24.0,14.0,12.0,14.0,21.0,20.0,18.0,19.0,11.0,12.0,1.0,15.0,20.0,19.0,14.0
466,7.0,14.0,15.0,17.0,12.0,17.0,22.0,16.0,15.0,8.0,20.0,20.0,20.0,20.0,17.0,15.0,9.0,9.0,12.0,17.0,12.0
467,7.0,6.0,21.0,13.0,17.0,24.0,16.0,16.0,16.0,14.0,16.0,19.0,18.0,20.0,14.0,15.0,10.0,8.0,13.0,17.0,14.0
468,7.0,11.0,14.0,7.0,17.0,24.0,24.0,18.0,16.0,16.0,15.0,15.0,19.0,24.0,22.0,2.0,4.0,1.0,18.0,24.0,16.0
469,4.0,7.0,13.0,17.0,20.0,19.0,24.0,19.0,9.0,14.0,20.0,19.0,18.0,18.0,14.0,3.0,4.0,15.0,20.0,16.0,21.0
470,6.0,15.0,10.0,16.0,9.0,24.0,24.0,16.0,19.0,14.0,15.0,18.0,17.0,22.0,20.0,13.0,4.0,6.0,15.0,14.0,17.0
471,9.0,11.0,14.0,13.0,9.0,24.0,24.0,15.0,16.0,17.0,18.0,14.0,19.0,19.0,18.0,10.0,10.0,7.0,17.0,13.0,17.0
472,9.0,1.0,12.0,19.0,15.0,24.0,24.0,13.0,18.0,10.0,24.0,18.0,16.0,24.0,17.0,9.0,8.0,9.0,13.0,13.0,18.0
473,13.0,10.0,8.0,14.0,17.0,18.0,24.0,16.0,18.0,18.0,14.0,19.0,14.0,22.0,16.0,14.0,6.0,12.0,15.0,11.0,15.0
474,8.0,11.0,15.0,12.0,14.0,24.0,20.0,18.0,20.0,14.0,15.0,18.0,14.0,18.0,18.0,18.0,4.0,9.0,12.0,19.0,13.0
475,12.0,11.0,12.0,11.0,10.0,24.0,24.0,17.0,17.0,16.0,16.0,18.0,15.0,23.0,20.0,9.0,14.0,3.0,15.0,10.0,17.0
476,10.0,12.0,16.0,14.0,9.0,21.0,22.0,11.0,17.0,18.0,16.0,18.0,19.0,24.0,19.0,18.0,10.0,6.0,9.0,12.0,13.0
477,11.0,13.0,13.0,11.0,8.0,24.0,24.0,16.0,18.0,17.0,15.0,15.0,18.0,23.0,17.0,12.0,2.0,7.0,20.0,14.0,16.0
478,12.0,11.0,13.0,10.0,10.0,24.0,24.0,13.0,13.0,13.0,24.0,20.0,16.0,24.0,20.0,10.0,9.0,9.0,10.0,14.0,15.0
479,4.0,11.0,15.0,15.0,15.0,20.0,24.0,16.0,20.0,14.0,16.0,16.0,17.0,19.0,8.0,9.0,10.0,15.0,14.0,19.0,17.0
480,8.0,8.0,12.0,14.0,20.0,24.0,18.0,17.0,13.0,14.0,16.0,18.0,21.0,24.0,15.0,7.0,6.0,11.0,19.0,15.0,14.0
481,3.0,1.0,21.0,11.0,20.0,24.0,24.0,13.0,16.0,15.0,20.0,22.0,13.0,24.0,21.0,13.0,7.0,7.0,15.0,11.0,13.0
482,9.0,10.0,17.0,16.0,19.0,20.0,13.0,12.0,17.0,16.0,15.0,22.0,17.0,18.0,4.0,15.0,13.0,16.0,16.0,14.0,15.0
483,11.0,11.0,14.0,14.0,8.0,23.0,23.0,16.0,11.0,13.0,20.0,21.0,18.0,22.0,13.0,16.0,1.0,8.0,15.0,16.0,20.0
484,10.0,10.0,10.0,16.0,11.0,24.0,23.0,23.0,12.0,18.0,18.0,17.0,11.0,24.0,24.0,6.0,11.0,10.0,11.0,8.0,17.0
485,6.0,12.0,15.0,19.0,13.0,18.0,21.0,20.0,16.0,15.0,21.0,14.0,13.0,21.0,21.0,9.0,13.0,9.0,13.0,12.0,13.0
486,9.0,0.0,15.0,17.0,20.0,21.0,22.0,13.0,14.0,12.0,24.0,16.0,20.0,24.0,11.0,8.0,10.0,8.0,16.0,20.0,14.0
487,8.0,1.0,15.0,18.0,17.0,24.0,21.0,17.0,11.0,8.0,24.0,17.0,22.0,20.0,6.0,11.0,7.0,8.0,19.0,23.0,17.0
488,7.0,12.0,10.0,11.0,16.0,24.0,24.0,15.0,15.0,15.0,16.0,20.0,18.0,24.0,24.0,12.0,10.0,3.0,18.0,7.0,13.0
489,5.0,5.0,15.0,13.0,18.0,24.0,24.0,11.0,11.0,18.0,15.0,21.0,23.0,24.0,12.0,8.0,4.0,2.0,21.0,19.0,21.0
490,5.0,3.0,16.0,19.0,17.0,24.0,20.0,12.0,9.0,11.0,19.0,24.0,24.0,22.0,4.0,5.0,6.0,3.0,24.0,23.0,24.0
491,11.0,14.0,16.0,7.0,8.0,24.0,24.0,19.0,15.0,8.0,22.0,20.0,15.0,24.0,24.0,12.0,9.0,7.0,7.0,15.0,13.0
492,18.0,12.0,10.0,14.0,14.0,17.0,19.0,17.0,19.0,11.0,20.0,16.0,16.0,19.0,20.0,10.0,9.0,7.0,15.0,16.0,15.0
493,9.0,10.0,15.0,9.0,13.0,24.0,24.0,14.0,9.0,13.0,24.0,19.0,20.0,24.0,24.0,11.0,13.0,8.0,7.0,14.0,10.0
494,8.0,7.0,20.0,5.0,16.0,24.0,24.0,15.0,9.0,13.0,19.0,19.0,24.0,24.0,22.0,8.0,7.0,10.0,6.0,22.0,12.0
495,2.0,4.0,21.0,13.0,17.0,23.0,24.0,11.0,11.0,16.0,14.0,24.0,23.0,24.0,13.0,5.0,6.0,2.0,23.0,17.0,21.0
496,9.0,9.0,10.0,15.0,13.0,24.0,24.0,23.0,19.0,13.0,15.0,12.0,17.0,24.0,21.0,7.0,5.0,4.0,22.0,13.0,15.0
497,7.0,13.0,15.0,16.0,10.0,21.0,22.0,13.0,8.0,18.0,21.0,20.0,19.0,21.0,12.0,6.0,14.0,7.0,19.0,16.0,16.0
498,12.0,8.0,12.0,10.0,14.0,24.0,24.0,24.0,8.0,12.0,17.0,20.0,18.0,24.0,24.0,6.0,2.0,4.0,22.0,17.0,12.0
499,2.0,1.0,24.0,17.0,15.0,22.0,23.0,12.0,10.0,10.0,23.0,20.0,24.0,22.0,8.0,5.0,2.0,15.0,22.0,20.0,17.0
500,23.0,8.0,6.0,10.0,9.0,24.0,24.0,12.0,5.0,13.0,24.0,22.0,23.0,24.0,22.0,18.0,5.0,5.0,13.0,10.0,14.0
501,6.0,2.0,16.0,19.0,17.0,24.0,20.0,17.0,14.0,9.0,19.0,16.0,24.0,22.0,9.0,6.0,9.0,7.0,16.0,24.0,18.0
502,6.0,11.0,5.0,18.0,16.0,24.0,24.0,18.0,14.0,16.0,19.0,16.0,16.0,24.0,24.0,3.0,11.0,2.0,24.0,12.0,11.0
503,8.0,1.0,18.0,16.0,17.0,22.0,22.0,13.0,17.0,13.0,21.0,19.0,16.0,24.0,3.0,10.0,3.0,6.0,17.0,24.0,24.0
504,4.0,8.0,13.0,18.0,16.0,21.0,24.0,17.0,15.0,8.0,20.0,19.0,20.0,24.0,16.0,5.0,3.0,15.0,17.0,20.0,11.0
505,0.0,6.0,17.0,20.0,17.0,24.0,20.0,14.0,10.0,17.0,17.0,17.0,24.0,21.0,11.0,12.0,8.0,5.0,18.0,20.0,16.0
506,7.0,3.0,13.0,16.0,17.0,24.0,24.0,9.0,12.0,15.0,20.0,23.0,20.0,23.0,3.0,11.0,9.0,1.0,24.0,19.0,21.0
507,3.0,5.0,13.0,21.0,15.0,24.0,23.0,11.0,15.0,6.0,24.0,21.0,22.0,22.0,4.0,4.0,6.0,11.0,20.0,24.0,20.0
508,1.0,5.0,20.0,16.0,14.0,24.0,24.0,10.0,14.0,9.0,24.0,21.0,21.0,20.0,11.0,2.0,3.0,14.0,19.0,18.0,24.0
509,6.0,1.0,11.0,19.0,24.0,20.0,23.0,14.0,9.0,9.0,24.0,19.0,24.0,24.0,3.0,1.0,9.0,4.0,22.0,24.0,24.0
510,6.0,11.0,9.0,19.0,11.0,24.0,24.0,17.0,10.0,17.0,19.0,13.0,23.0,22.0,19.0,9.0,9.0,5.0,15.0,18.0,14.0
511,6.0,10.0,10.0,17.0,13.0,24.0,24.0,11.0,10.0,10.0,23.0,21.0,24.0,24.0,24.0,8.0,5.0,3.0,15.0,13.0,19.0
512,12.0,6.0,15.0,11.0,12.0,24.0,24.0,15.0,14.0,15.0,12.0,24.0,19.0,24.0,19.0,9.0,5.0,5.0,15.0,12.0,22.0
513,13.0,8.0,19.0,12.0,12.0,20.0,20.0,13.0,16.0,17.0,20.0,18.0,15.0,15.0,18.0,18.0,10.0,6.0,14.0,15.0,15.0
514,8.0,4.0,18.0,16.0,15.0,20.0,23.0,16.0,14.0,14.0,17.0,16.0,22.0,22.0,17.0,10.0,11.0,15.0,10.0,15.0,11.0
515,5.0,1.0,19.0,16.0,16.0,24.0,23.0,19.0,8.0,5.0,24.0,24.0,19.0,24.0,9.0,8.0,5.0,5.0,21.0,21.0,18.0
516,6.0,7.0,19.0,5.0,19.0,24.0,24.0,12.0,11.0,10.0,22.0,24.0,20.0,24.0,22.0,14.0,7.0,9.0,7.0,21.0,7.0
517,11.0,12.0,18.0,7.0,16.0,16.0,24.0,18.0,15.0,18.0,16.0,17.0,15.0,17.0,16.0,15.0,10.0,8.0,19.0,14.0,12.0
518,11.0,9.0,13.0,17.0,10.0,20.0,24.0,16.0,16.0,14.0,19.0,18.0,16.0,23.0,7.0,12.0,1.0,13.0,20.0,17.0,18.0
519,8.0,17.0,2.0,16.0,13.0,24.0,24.0,21.0,8.0,13.0,24.0,9.0,24.0,24.0,24.0,8.0,10.0,1.0,19.0,19.0,6.0
520,7.0,5.0,18.0,15.0,11.0,24.0,24.0,15.0,18.0,13.0,22.0,12.0,19.0,24.0,22.0,13.0,9.0,9.0,8.0,13.0,13.0
521,4.0,5.0,24.0,17.0,6.0,24.0,24.0,13.0,9.0,11.0,20.0,24.0,22.0,24.0,16.0,4.0,8.0,4.0,16.0,17.0,22.0
522,3.0,10.0,14.0,17.0,14.0,23.0,23.0,14.0,14.0,13.0,19.0,21.0,18.0,19.0,22.0,10.0,15.0,7.0,17.0,10.0,11.0
523,6.0,2.0,14.0,18.0,16.0,24.0,24.0,19.0,7.0,23.0,16.0,17.0,17.0,24.0,19.0,5.0,3.0,2.0,22.0,20.0,16.0
524,3.0,7.0,18.0,19.0,13.0,21.0,23.0,15.0,14.0,9.0,24.0,17.0,20.0,19.0,13.0,10.0,10.0,14.0,10.0,17.0,18.0
525,13.0,9.0,14.0,14.0,6.0,24.0,24.0,16.0,16.0,16.0,12.0,15.0,24.0,24.0,20.0,10.0,5.0,10.0,14.0,16.0,12.0
526,7.0,10.0,14.0,15.0,13.0,24.0,21.0,15.0,16.0,16.0,15.0,16.0,21.0,21.0,16.0,13.0,10.0,3.0,17.0,21.0,10.0
527,7.0,9.0,13.0,11.0,16.0,24.0,24.0,10.0,9.0,13.0,20.0,24.0,23.0,24.0,12.0,14.0,10.0,3.0,20.0,15.0,13.0
528,9.0,13.0,12.0,9.0,15.0,24.0,22.0,23.0,12.0,13.0,16.0,16.0,19.0,24.0,22.0,15.0,9.0,10.0,9.0,14.0,8.0
529,7.0,8.0,13.0,15.0,15.0,24.0,22.0,16.0,18.0,15.0,12.0,19.0,19.0,24.0,18.0,15.0,7.0,8.0,13.0,10.0,16.0
530,12.0,8.0,12.0,9.0,15.0,24.0,24.0,15.0,14.0,16.0,20.0,20.0,14.0,19.0,12.0,15.0,11.0,4.0,21.0,13.0,16.0
531,7.0,5.0,14.0,13.0,17.0,24.0,24.0,12.0,17.0,14.0,24.0,15.0,17.0,24.0,15.0,9.0,2.0,5.0,18.0,16.0,22.0
532,5.0,7.0,16.0,12.0,19.0,24.0,21.0,19.0,11.0,9.0,21.0,22.0,17.0,24.0,15.0,4.0,8.0,1.0,21.0,21.0,17.0
533,8.0,7.0,14.0,16.0,11.0,24.0,24.0,24.0,14.0,19.0,14.0,12.0,16.0,24.0,24.0,12.0,10.0,7.0,11.0,12.0,11.0
534,12.0,13.0,16.0,13.0,11.0,18.0,21.0,18.0,15.0,18.0,12.0,17.0,19.0,24.0,24.0,17.0,7.0,10.0,13.0,7.0,9.0
535,4.0,4.0,13.0,16.0,19.0,24.0,24.0,18.0,16.0,14.0,11.0,22.0,18.0,24.0,11.0,9.0,10.0,9.0,21.0,14.0,13.0
536,7.0,6.0,18.0,13.0,17.0,19.0,24.0,11.0,11.0,16.0,18.0,24.0,19.0,20.0,12.0,10.0,3.0,11.0,15.0,19.0,21.0
537,6.0,16.0,12.0,19.0,7.0,20.0,24.0,17.0,18.0,14.0,19.0,13.0,18.0,24.0,24.0,12.0,9.0,3.0,11.0,11.0,17.0
538,5.0,0.0,16.0,22.0,15.0,22.0,24.0,13.0,10.0,10.0,24.0,23.0,19.0,24.0,11.0,4.0,11.0,1.0,20.0,24.0,16.0
539,7.0,7.0,12.0,12.0,18.0,24.0,24.0,16.0,6.0,15.0,14.0,24.0,24.0,24.0,14.0,1.0,6.0,3.0,24.0,23.0,16.0
540,5.0,13.0,10.0,19.0,13.0,22.0,22.0,17.0,12.0,15.0,19.0,19.0,17.0,22.0,10.0,9.0,8.0,9.0,12.0,22.0,19.0
541,4.0,3.0,18.0,22.0,11.0,24.0,22.0,20.0,13.0,18.0,13.0,17.0,18.0,23.0,14.0,7.0,12.0,11.0,13.0,13.0,18.0
542,14.0,8.0,13.0,17.0,12.0,19.0,21.0,17.0,18.0,14.0,14.0,19.0,17.0,19.0,17.0,16.0,4.0,16.0,6.0,15.0,18.0
543,8.0,2.0,17.0,18.0,21.0,18.0,20.0,16.0,14.0,12.0,21.0,17.0,19.0,24.0,2.0,9.0,2.0,6.0,23.0,21.0,24.0
544,8.0,16.0,12.0,10.0,13.0,22.0,23.0,17.0,14.0,14.0,20.0,17.0,17.0,17.0,17.0,16.0,16.0,3.0,14.0,19.0,9.0
545,10.0,4.0,15.0,16.0,14.0,21.0,24.0,12.0,15.0,13.0,20.0,19.0,20.0,24.0,11.0,17.0,2.0,8.0,15.0,13.0,21.0
546,2.0,0.0,20.0,23.0,19.0,19.0,21.0,8.0,7.0,12.0,24.0,24.0,24.0,22.0,13.0,5.0,5.0,1.0,20.0,21.0,24.0
547,3.0,4.0,22.0,7.0,21.0,24.0,23.0,18.0,13.0,11.0,19.0,24.0,14.0,24.0,19.0,8.0,8.0,8.0,11.0,19.0,14.0
548,9.0,12.0,19.0,8.0,9.0,24.0,23.0,18.0,14.0,12.0,18.0,19.0,18.0,24.0,19.0,7.0,2.0,8.0,11.0,20.0,20.0
549,15.0,12.0,7.0,11.0,11.0,24.0,24.0,18.0,7.0,6.0,24.0,20.0,24.0,24.0,24.0,4.0,10.0,12.0,12.0,15.0,10.0
550,5.0,6.0,14.0,16.0,15.0,24.0,24.0,11.0,14.0,18.0,22.0,16.0,18.0,24.0,24.0,19.0,11.0,6.0,6.0,15.0,6.0
551,5.0,9.0,14.0,14.0,14.0,24.0,24.0,16.0,19.0,9.0,20.0,21.0,14.0,24.0,18.0,15.0,7.0,6.0,14.0,17.0,10.0
552,12.0,8.0,7.0,12.0,17.0,24.0,24.0,16.0,16.0,10.0,21.0,17.0,19.0,23.0,22.0,13.0,7.0,2.0,15.0,16.0,13.0
553,4.0,4.0,17.0,16.0,22.0,20.0,21.0,14.0,16.0,17.0,18.0,19.0,15.0,19.0,15.0,16.0,6.0,4.0,19.0,15.0,17.0
554,7.0,3.0,16.0,14.0,18.0,22.0,24.0,17.0,18.0,11.0,18.0,17.0,18.0,24.0,24.0,10.0,8.0,11.0,10.0,15.0,9.0
555,0.0,9.0,19.0,17.0,19.0,20.0,20.0,18.0,7.0,13.0,18.0,22.0,21.0,24.0,7.0,9.0,13.0,6.0,17.0,17.0,18.0
556,5.0,3.0,15.0,18.0,15.0,24.0,24.0,14.0,10.0,16.0,20.0,17.0,22.0,16.0,13.0,5.0,6.0,12.0,23.0,18.0,18.0
557,7.0,7.0,19.0,16.0,10.0,22.0,23.0,18.0,17.0,15.0,15.0,16.0,18.0,22.0,18.0,15.0,11.0,10.0,7.0,18.0,10.0
558,0.0,5.0,21.0,19.0,19.0,23.0,17.0,16.0,17.0,14.0,16.0,20.0,16.0,19.0,10.0,11.0,14.0,7.0,17.0,16.0,17.0
559,3.0,5.0,22.0,16.0,10.0,24.0,24.0,21.0,7.0,8.0,18.0,21.0,24.0,24.0,15.0,5.0,5.0,6.0,16.0,24.0,16.0
560,6.0,8.0,10.0,17.0,15.0,24.0,24.0,19.0,6.0,16.0,19.0,18.0,21.0,24.0,18.0,12.0,10.0,2.0,13.0,17.0,15.0
561,8.0,10.0,16.0,7.0,15.0,24.0,24.0,21.0,3.0,16.0,19.0,19.0,21.0,24.0,14.0,4.0,9.0,0.0,20.0,20.0,20.0
562,6.0,11.0,14.0,14.0,11.0,24.0,24.0,15.0,14.0,15.0,18.0,16.0,21.0,22.0,24.0,11.0,4.0,7.0,15.0,16.0,12.0
563,15.0,12.0,14.0,18.0,11.0,16.0,18.0,15.0,14.0,11.0,18.0,22.0,19.0,14.0,16.0,13.0,15.0,9.0,16.0,14.0,14.0
564,12.0,15.0,16.0,7.0,14.0,20.0,20.0,16.0,16.0,15.0,18.0,20.0,14.0,18.0,14.0,13.0,16.0,8.0,13.0,17.0,12.0
565,14.0,14.0,13.0,16.0,16.0,17.0,14.0,14.0,16.0,15.0,17.0,20.0,17.0,17.0,18.0,7.0,12.0,15.0,14.0,17.0,11.0
566,6.0,12.0,19.0,12.0,8.0,24.0,23.0,17.0,13.0,16.0,17.0,17.0,19.0,19.0,20.0,7.0,14.0,3.0,11.0,20.0,17.0
567,6.0,8.0,12.0,14.0,16.0,24.0,24.0,14.0,15.0,14.0,23.0,18.0,15.0,24.0,16.0,8.0,10.0,7.0,18.0,13.0,15.0
568,8.0,12.0,17.0,12.0,7.0,24.0,24.0,18.0,14.0,11.0,20.0,16.0,20.0,24.0,15.0,10.0,9.0,3.0,10.0,16.0,24.0
569,6.0,8.0,18.0,13.0,11.0,24.0,24.0,16.0,11.0,11.0,20.0,24.0,17.0,21.0,14.0,5.0,7.0,8.0,17.0,19.0,20.0
570,4.0,2.0,8.0,18.0,24.0,24.0,24.0,15.0,10.0,6.0,20.0,24.0,24.0,22.0,9.0,1.0,8.0,0.0,23.0,24.0,24.0
571,15.0,10.0,10.0,13.0,12.0,20.0,24.0,14.0,18.0,15.0,14.0,20.0,18.0,24.0,19.0,7.0,6.0,12.0,16.0,14.0,13.0
572,16.0,11.0,13.0,6.0,16.0,21.0,21.0,17.0,13.0,13.0,18.0,18.0,20.0,17.0,19.0,14.0,6.0,19.0,8.0,18.0,10.0
573,1.0,2.0,11.0,23.0,20.0,23.0,24.0,10.0,18.0,10.0,21.0,22.0,18.0,24.0,6.0,4.0,3.0,13.0,24.0,18.0,19.0
574,9.0,7.0,19.0,5.0,16.0,24.0,24.0,18.0,11.0,21.0,11.0,21.0,17.0,23.0,22.0,11.0,8.0,1.0,19.0,18.0,9.0
575,8.0,10.0,11.0,17.0,10.0,24.0,24.0,16.0,11.0,17.0,17.0,14.0,24.0,24.0,24.0,17.0,10.0,7.0,13.0,11.0,5.0
576,10.0,11.0,14.0,9.0,12.0,24.0,24.0,24.0,12.0,14.0,12.0,13.0,24.0,24.0,24.0,8.0,9.0,9.0,16.0,14.0,7.0
577,9.0,4.0,19.0,12.0,12.0,24.0,24.0,9.0,12.0,7.0,24.0,23.0,24.0,24.0,12.0,10.0,5.0,12.0,10.0,24.0,14.0
578,10.0,12.0,13.0,14.0,14.0,24.0,17.0,18.0,16.0,10.0,18.0,20.0,17.0,19.0,15.0,8.0,7.0,13.0,18.0,15.0,16.0
579,5.0,7.0,18.0,18.0,9.0,24.0,23.0,18.0,9.0,12.0,17.0,22.0,21.0,24.0,18.0,9.0,8.0,10.0,15.0,8.0,19.0
580,3.0,12.0,18.0,14.0,15.0,21.0,21.0,15.0,14.0,13.0,19.0,19.0,19.0,24.0,6.0,5.0,6.0,11.0,22.0,18.0,19.0
581,4.0,8.0,17.0,10.0,17.0,24.0,24.0,14.0,18.0,11.0,15.0,24.0,17.0,23.0,9.0,7.0,9.0,7.0,16.0,19.0,21.0
582,4.0,3.0,10.0,22.0,17.0,24.0,24.0,11.0,8.0,8.0,24.0,24.0,24.0,24.0,12.0,8.0,7.0,7.0,24.0,19.0,10.0
583,5.0,11.0,16.0,11.0,13.0,24.0,24.0,11.0,14.0,14.0,19.0,24.0,17.0,24.0,23.0,11.0,7.0,4.0,10.0,9.0,23.0
584,7.0,15.0,12.0,9.0,16.0,24.0,21.0,19.0,12.0,12.0,20.0,19.0,17.0,24.0,22.0,10.0,10.0,10.0,12.0,11.0,12.0
585,7.0,8.0,10.0,11.0,20.0,24.0,24.0,23.0,12.0,12.0,19.0,17.0,16.0,24.0,15.0,4.0,3.0,7.0,21.0,20.0,17.0
586,5.0,9.0,9.0,16.0,17.0,24.0,24.0,13.0,11.0,19.0,19.0,17.0,20.0,24.0,12.0,12.0,11.0,4.0,15.0,14.0,19.0
587,8.0,13.0,13.0,5.0,17.0,24.0,24.0,20.0,14.0,14.0,16.0,19.0,16.0,24.0,24.0,13.0,7.0,8.0,8.0,15.0,12.0
588,9.0,7.0,15.0,16.0,9.0,24.0,24.0,13.0,9.0,15.0,24.0,14.0,24.0,24.0,18.0,14.0,13.0,7.0,9.0,16.0,10.0
589,8.0,7.0,15.0,8.0,18.0,24.0,24.0,14.0,16.0,11.0,21.0,17.0,20.0,24.0,15.0,16.0,3.0,1.0,14.0,21.0,17.0
590,6.0,5.0,13.0,15.0,17.0,24.0,24.0,15.0,9.0,8.0,21.0,22.0,24.0,24.0,9.0,4.0,4.0,6.0,24.0,16.0,24.0
591,12.0,9.0,12.0,16.0,7.0,24.0,24.0,22.0,11.0,10.0,22.0,16.0,18.0,24.0,24.0,9.0,6.0,6.0,12.0,10.0,20.0
592,13.0,6.0,11.0,13.0,14.0,23.0,24.0,24.0,14.0,12.0,17.0,17.0,15.0,24.0,20.0,13.0,9.0,18.0,6.0,12.0,9.0
593,14.0,9.0,9.0,14.0,11.0,23.0,24.0,16.0,17.0,16.0,19.0,18.0,13.0,24.0,24.0,10.0,4.0,12.0,10.0,7.0,20.0
594,2.0,2.0,13.0,21.0,18.0,24.0,24.0,13.0,9.0,7.0,22.0,24.0,24.0,20.0,4.0,2.0,12.0,2.0,24.0,23.0,24.0
595,11.0,11.0,15.0,10.0,10.0,23.0,24.0,17.0,12.0,11.0,19.0,19.0,21.0,24.0,19.0,11.0,7.0,11.0,9.0,19.0,11.0
596,10.0,9.0,9.0,14.0,14.0,24.0,24.0,14.0,11.0,12.0,24.0,20.0,18.0,24.0,23.0,14.0,10.0,4.0,17.0,7.0,12.0
597,5.0,8.0,24.0,5.0,15.0,24.0,23.0,14.0,8.0,10.0,19.0,24.0,24.0,24.0,21.0,3.0,7.0,4.0,10.0,24.0,18.0
598,4.0,17.0,16.0,13.0,13.0,21.0,20.0,19.0,15.0,8.0,18.0,19.0,20.0,24.0,20.0,13.0,16.0,5.0,11.0,12.0,10.0
599,3.0,5.0,21.0,17.0,16.0,21.0,21.0,16.0,11.0,6.0,19.0,23.0,24.0,24.0,5.0,6.0,2.0,2.0,24.0,24.0,24.0
600,12.0,12.0,12.0,15.0,12.0,20.0,21.0,15.0,17.0,18.0,15.0,14.0,20.0,21.0,20.0,8.0,9.0,14.0,12.0,11.0,16.0
601,0.0,2.0,24.0,14.0,16.0,24.0,24.0,14.0,6.0,20.0,20.0,18.0,21.0,22.0,15.0,5.0,15.0,1.0,16.0,21.0,16.0
602,8.0,10.0,10.0,9.0,19.0,24.0,24.0,12.0,9.0,10.0,24.0,21.0,23.0,24.0,24.0,9.0,4.0,6.0,20.0,17.0,7.0
603,6.0,14.0,10.0,19.0,8.0,23.0,24.0,20.0,14.0,13.0,18.0,13.0,21.0,24.0,24.0,13.0,12.0,10.0,11.0,8.0,9.0
604,6.0,5.0,19.0,12.0,14.0,24.0,24.0,12.0,11.0,11.0,22.0,22.0,21.0,24.0,6.0,7.0,13.0,9.0,18.0,19.0,15.0
605,14.0,11.0,8.0,15.0,15.0,17.0,24.0,18.0,15.0,12.0,19.0,15.0,20.0,22.0,19.0,11.0,7.0,5.0,18.0,18.0,11.0
606,3.0,2.0,13.0,20.0,18.0,24.0,24.0,13.0,16.0,15.0,24.0,14.0,17.0,24.0,19.0,8.0,5.0,9.0,18.0,14.0,14.0
607,9.0,15.0,14.0,10.0,20.0,20.0,16.0,17.0,16.0,12.0,19.0,18.0,17.0,17.0,13.0,10.0,11.0,12.0,16.0,12.0,20.0
608,17.0,13.0,11.0,8.0,7.0,24.0,24.0,15.0,8.0,24.0,13.0,15.0,24.0,24.0,24.0,19.0,7.0,2.0,15.0,14.0,6.0
609,11.0,6.0,13.0,13.0,18.0,20.0,23.0,13.0,17.0,17.0,13.0,22.0,17.0,19.0,14.0,13.0,15.0,8.0,13.0,13.0,16.0
610,7.0,8.0,16.0,10.0,15.0,24.0,24.0,12.0,13.0,15.0,20.0,19.0,20.0,24.0,11.0,8.0,5.0,4.0,18.0,22.0,19.0
611,9.0,11.0,13.0,12.0,11.0,24.0,24.0,17.0,20.0,17.0,14.0,14.0,17.0,23.0,15.0,12.0,1.0,6.0,18.0,18.0,18.0
612,7.0,8.0,15.0,13.0,17.0,20.0,24.0,16.0,7.0,14.0,21.0,21.0,20.0,22.0,14.0,10.0,10.0,12.0,12.0,17.0,14.0
613,14.0,0.0,17.0,15.0,18.0,22.0,18.0,20.0,10.0,11.0,16.0,22.0,20.0,23.0,9.0,3.0,9.0,13.0,17.0,18.0,19.0
614,9.0,10.0,10.0,14.0,15.0,24.0,22.0,19.0,14.0,19.0,20.0,12.0,15.0,24.0,17.0,10.0,12.0,8.0,14.0,16.0,10.0
615,2.0,11.0,18.0,20.0,14.0,20.0,19.0,15.0,13.0,11.0,18.0,24.0,18.0,24.0,11.0,10.0,8.0,11.0,14.0,17.0,16.0
616,6.0,13.0,7.0,19.0,11.0,24.0,24.0,17.0,15.0,16.0,15.0,15.0,21.0,24.0,24.0,14.0,7.0,8.0,17.0,6.0,11.0
617,7.0,0.0,21.0,20.0,12.0,22.0,22.0,14.0,19.0,9.0,17.0,20.0,20.0,23.0,11.0,8.0,5.0,6.0,18.0,19.0,21.0
618,8.0,11.0,14.0,12.0,18.0,19.0,22.0,16.0,19.0,10.0,19.0,16.0,19.0,21.0,22.0,4.0,8.0,14.0,15.0,16.0,11.0
619,5.0,8.0,16.0,10.0,19.0,22.0,24.0,20.0,19.0,15.0,17.0,18.0,10.0,24.0,19.0,11.0,11.0,5.0,12.0,16.0,13.0
620,12.0,5.0,19.0,17.0,3.0,24.0,24.0,10.0,3.0,15.0,23.0,24.0,24.0,24.0,24.0,10.0,17.0,4.0,1.0,8.0,23.0
621,8.0,10.0,5.0,17.0,16.0,24.0,24.0,12.0,12.0,12.0,22.0,21.0,20.0,24.0,16.0,5.0,11.0,10.0,18.0,13.0,14.0
622,4.0,8.0,17.0,17.0,13.0,24.0,21.0,17.0,17.0,18.0,18.0,12.0,17.0,22.0,22.0,5.0,9.0,7.0,17.0,13.0,16.0
623,9.0,9.0,12.0,15.0,12.0,23.0,24.0,17.0,14.0,20.0,18.0,14.0,16.0,24.0,24.0,10.0,19.0,11.0,8.0,5.0,10.0
624,3.0,5.0,18.0,15.0,16.0,24.0,23.0,12.0,17.0,15.0,14.0,24.0,17.0,24.0,16.0,2.0,5.0,6.0,17.0,17.0,24.0
625,13.0,6.0,10.0,12.0,15.0,24.0,24.0,14.0,12.0,14.0,24.0,21.0,14.0,24.0,16.0,11.0,9.0,8.0,11.0,15.0,17.0
626,11.0,14.0,14.0,10.0,7.0,24.0,24.0,14.0,17.0,11.0,20.0,16.0,21.0,24.0,24.0,7.0,4.0,5.0,12.0,19.0,16.0
627,3.0,2.0,19.0,17.0,15.0,24.0,24.0,9.0,16.0,7.0,24.0,21.0,22.0,21.0,6.0,7.0,5.0,9.0,16.0,24.0,23.0
628,9.0,6.0,13.0,19.0,9.0,24.0,24.0,24.0,1.0,15.0,19.0,16.0,24.0,24.0,24.0,2.0,11.0,5.0,20.0,10.0,15.0
629,3.0,2.0,19.0,15.0,18.0,23.0,24.0,6.0,15.0,15.0,17.0,24.0,22.0,24.0,4.0,10.0,8.0,4.0,16.0,24.0,21.0
630,8.0,10.0,11.0,15.0,13.0,24.0,23.0,15.0,13.0,16.0,15.0,20.0,20.0,22.0,13.0,7.0,16.0,5.0,21.0,16.0,11.0
631,15.0,7.0,14.0,17.0,11.0,24.0,16.0,17.0,17.0,15.0,16.0,15.0,19.0,24.0,19.0,10.0,7.0,12.0,13.0,9.0,17.0
632,4.0,3.0,23.0,16.0,11.0,23.0,24.0,14.0,7.0,7.0,24.0,24.0,23.0,24.0,10.0,5.0,5.0,5.0,16.0,22.0,24.0
633,10.0,10.0,12.0,13.0,11.0,24.0,24.0,18.0,10.0,12.0,24.0,15.0,20.0,24.0,14.0,12.0,8.0,7.0,12.0,19.0,15.0
634,8.0,6.0,15.0,13.0,14.0,24.0,24.0,13.0,17.0,9.0,19.0,17.0,24.0,24.0,17.0,13.0,4.0,13.0,8.0,18.0,14.0
635,7.0,1.0,17.0,19.0,17.0,22.0,21.0,6.0,18.0,15.0,18.0,24.0,18.0,21.0,6.0,12.0,7.0,9.0,16.0,21.0,19.0
636,3.0,5.0,19.0,18.0,15.0,23.0,21.0,12.0,12.0,10.0,23.0,18.0,24.0,17.0,14.0,12.0,1.0,3.0,22.0,21.0,21.0
637,2.0,3.0,12.0,19.0,22.0,24.0,22.0,14.0,6.0,7.0,24.0,24.0,24.0,24.0,7.0,3.0,11.0,8.0,21.0,16.0,21.0
638,14.0,13.0,14.0,12.0,12.0,22.0,17.0,19.0,16.0,14.0,20.0,18.0,12.0,24.0,20.0,8.0,4.0,9.0,14.0,17.0,15.0
639,9.0,6.0,14.0,8.0,19.0,24.0,24.0,18.0,10.0,8.0,21.0,24.0,18.0,23.0,20.0,9.0,10.0,8.0,15.0,18.0,8.0
640,11.0,4.0,18.0,10.0,17.0,21.0,23.0,18.0,14.0,20.0,14.0,14.0,19.0,17.0,18.0,16.0,10.0,13.0,16.0,15.0,6.0
641,6.0,7.0,15.0,13.0,15.0,24.0,24.0,18.0,18.0,13.0,20.0,16.0,14.0,24.0,14.0,9.0,14.0,7.0,9.0,19.0,15.0
642,5.0,1.0,16.0,17.0,17.0,24.0,24.0,13.0,12.0,9.0,24.0,17.0,24.0,24.0,6.0,9.0,2.0,7.0,19.0,24.0,20.0
643,11.0,12.0,10.0,15.0,8.0,24.0,24.0,16.0,17.0,6.0,24.0,19.0,17.0,24.0,24.0,7.0,7.0,8.0,10.0,13.0,18.0
644,14.0,11.0,15.0,11.0,13.0,19.0,21.0,16.0,13.0,13.0,22.0,17.0,18.0,19.0,14.0,9.0,14.0,6.0,15.0,16.0,18.0
645,13.0,9.0,14.0,16.0,18.0,18.0,16.0,16.0,8.0,14.0,21.0,19.0,21.0,18.0,10.0,17.0,8.0,14.0,15.0,13.0,16.0
646,11.0,0.0,17.0,20.0,17.0,17.0,22.0,21.0,8.0,15.0,20.0,16.0,19.0,20.0,17.0,8.0,2.0,7.0,18.0,19.0,20.0
647,6.0,6.0,18.0,13.0,18.0,21.0,22.0,16.0,15.0,18.0,12.0,17.0,21.0,24.0,17.0,11.0,7.0,9.0,15.0,15.0,13.0
648,6.0,4.0,16.0,13.0,17.0,24.0,24.0,15.0,9.0,15.0,24.0,19.0,17.0,22.0,13.0,1.0,4.0,7.0,21.0,22.0,21.0
649,11.0,10.0,17.0,10.0,10.0,22.0,24.0,19.0,16.0,18.0,13.0,20.0,13.0,20.0,21.0,13.0,11.0,8.0,11.0,7.0,20.0
650,11.0,10.0,12.0,14.0,12.0,24.0,21.0,18.0,18.0,9.0,18.0,20.0,16.0,18.0,18.0,11.0,11.0,11.0,14.0,10.0,18.0
651,7.0,5.0,16.0,16.0,17.0,19.0,24.0,12.0,14.0,16.0,17.0,18.0,22.0,17.0,11.0,11.0,9.0,10.0,22.0,22.0,9.0
652,10.0,7.0,10.0,16.0,13.0,24.0,24.0,20.0,11.0,13.0,19.0,17.0,19.0,24.0,17.0,2.0,2.0,5.0,24.0,21.0,16.0
653,4.0,6.0,17.0,20.0,15.0,21.0,21.0,17.0,12.0,12.0,16.0,24.0,18.0,21.0,15.0,10.0,8.0,7.0,21.0,12.0,17.0
654,1.0,0.0,20.0,15.0,20.0,24.0,24.0,9.0,12.0,6.0,24.0,24.0,24.0,24.0,7.0,6.0,13.0,5.0,12.0,24.0,20.0
655,6.0,5.0,14.0,19.0,14.0,24.0,22.0,18.0,11.0,18.0,19.0,16.0,17.0,24.0,20.0,12.0,9.0,6.0,17.0,15.0,8.0
656,5.0,10.0,15.0,15.0,15.0,20.0,24.0,16.0,14.0,16.0,14.0,16.0,23.0,20.0,10.0,16.0,3.0,6.0,19.0,17.0,20.0
657,0.0,2.0,19.0,16.0,24.0,24.0,19.0,12.0,14.0,5.0,24.0,20.0,24.0,21.0,1.0,3.0,14.0,9.0,21.0,20.0,22.0
658,5.0,13.0,19.0,6.0,13.0,24.0,24.0,20.0,7.0,16.0,15.0,21.0,20.0,24.0,24.0,9.0,10.0,3.0,12.0,17.0,12.0
659,7.0,8.0,17.0,13.0,11.0,24.0,24.0,16.0,12.0,12.0,19.0,21.0,19.0,20.0,15.0,7.0,6.0,12.0,12.0,18.0,21.0
