,0,1,2,3,4,5,6,7,8,9,10,11,12,13,14,15,16,17,18,19,20,21,22,23,24,25,26,27,28,29,30,31,32,33,34,35,36,37,38,39,40,41,42,43,44,45,46,47,48,49,50,51,52,53,54,55,56,57,58,59,60,61,62,63,64,65,66,67,68,69,70,71,72,73,74,75,76,77,78,79,80,81
0,65.31803836500549,100.83746096413877,102.11049280078932,33.90540115088202,89.19184699829478,70.17014374347497,86.46661597741462,72.54966937724889,60.541206697998085,22.57830115868037,44.70363291056795,92.8253611982961,29.7840015355561,107.01782712165253,120.0,92.42957676449856,95.40938052564984,71.53058293384585,68.83133275540318,67.51242427832197,82.12588883529683,44.160813906983776,88.64259233951404,55.41019224851277,54.13009927096428,95.78265207473558,62.763794101506825,60.733251109966545,93.53741885480005,56.47664486318035,62.82670398704676,43.224114203950144,68.31745262808997,70.3360965573755,98.85909197012523,71.74625286849762,80.21364292173449,55.5580861160216,109.38928874328121,64.34677856274578,108.84547743691883,82.4970325098075,75.04303383301834,74.32030279820682,82.12214119387536,79.65406993490248,61.53388097561889,94.27563298264124,72.95030231536445,73.80161880644287,40.662353791154636,107.67068066003428,23.871627145673774,104.86689155283278,100.62237295263,50.45885631241672,65.27956843787754,36.61295936815306,63.61704357038189,58.471567209838376,77.09826845633103,92.80077489895791,28.98004583216213,90.4504646309408,84.0563690547451,99.14250991702464,76.44788609102902,91.81361756530409,42.253716517002374,57.016707722817166,52.4239122599059,66.61467670383955,78.63336713086618,89.79611600923575,110.47989534424954,90.68355406553232,56.096753810693286,88.43058420763735,52.77133978818536,78.60862288558563,33.0095802671006,33.91966963101586
1,78.8431610409454,95.13874044386799,45.53215557978216,79.6531217723288,109.05267768019307,61.790920346819505,77.98922313606307,48.8705747881239,39.94598012532944,101.01283737649118,40.69964115195851,113.94784907784903,30.127935712640436,84.15857935351885,91.23660241408864,119.01530932747771,58.79741033823682,104.92952624788865,47.13704582036148,52.107576724054496,106.34074384241761,33.67238769956325,44.80615014729156,60.152057994509114,78.93254229488966,57.943951296896444,66.66249369051114,83.63861901672482,118.86418555917729,48.00427347877167,47.95198636603829,72.85772065174183,64.04302040559404,87.8191701540911,117.1738900936809,50.433109288862234,63.71682956121991,102.14856036592515,84.3251388163717,94.68388814703961,98.95692839809944,48.19157178507078,76.91786938700783,64.77604310048547,108.35105350538103,68.34466975117104,64.32270360995851,74.67685531900693,94.35935340322908,46.920235413700105,48.02512899755334,81.29114731983569,83.85318800383087,61.424611848001916,81.65600551097701,83.18502826326016,34.024801917831766,55.37157625800359,72.193640878259,43.731671493338375,27.981682417406724,111.72737838173666,58.803599914023366,98.31954382664084,107.595590431777,82.84053353507703,80.13420710761778,50.08456869256437,47.411653356543596,43.23592319142593,90.97759404024167,52.4008091663756,77.33460221382619,113.42064223140486,107.26736609511664,83.82551191261977,71.62296670607925,78.25023504283013,58.318390401972856,75.22011474553983,30.840077313103787,38.65533778273776
2,57.377649899460714,105.01855313180576,95.24146106173616,63.314809175042626,107.405047082373,21.475398536902638,98.16708111267906,35.66510872171612,32.74606626491433,40.196296560337466,87.24108534699413,81.33846153665016,95.69219612050291,75.16313111025205,101.95765433863284,109.20205570163564,112.03415175705612,87.14780556184188,48.576350672930886,72.83986179444763,59.036661517841246,33.163112994246575,108.33101445923339,25.987615076472096,18.80270753286202,90.12338739939523,89.92333090098738,103.31270257391392,74.51924205713593,52.149100227816525,56.251271458490805,56.71326824231129,62.29336898159041,69.07302484242632,95.33838856777,42.024449433263406,118.15712824633127,63.802894129155256,67.08801874939225,83.07503173923139,115.91912066237359,59.2723878848123,89.32976348950646,91.51278334552873,38.19897702107277,97.89672438065536,48.50424146590228,41.96508784801735,119.99999999999999,48.20296406729936,110.23200521705297,24.22782363775804,29.241897123286293,88.71223434009246,48.57837021506493,75.46063822006822,46.779036463730044,120.0,120.0,23.503419833746026,22.829642312111222,119.41160584639852,109.16591265754379,50.44824723348102,118.63954186206887,87.00163025465059,100.92966304186457,72.31741879027382,26.488603892240043,71.53369845744534,45.31235905384903,46.51252019392202,105.52578985680105,86.37994671360417,109.44133161079937,114.25055659880319,103.00614266007268,44.82766839438685,68.95256799353669,47.6302889351031,43.92044803738987,11.970995769908297
3,108.03772011804702,94.5498888529235,85.50971319003115,54.10085969828275,96.48579280619906,19.281047865717024,90.0349774687995,53.96111971437028,33.931825767835285,41.964874159478384,111.3983821209401,50.97844298357745,111.3983821209401,40.202903114081025,106.16407001877734,107.32782174198783,108.49730327996201,90.09092554518483,45.549679285852775,71.32476370179347,45.427676504790064,53.78182994042901,109.53926682774856,24.769079043741304,18.061558398130135,85.234577373733,89.35349665141702,112.81005377798208,71.231967927248,96.96920666577478,54.14993118208169,40.30355501452699,22.737231650306935,77.52553187993921,92.70050330601791,54.915452468232374,112.69858783312013,37.20028124316389,85.97714089659276,119.99166520902087,120.0,60.391564170925776,56.015710717970734,90.42363776232591,35.18863730366373,93.88464524342528,43.36297795885138,77.29207141188489,113.177653125545,42.96515455308489,99.12886040354473,19.85479740089192,12.700494923919857,72.69920686506462,102.0309043967627,110.61164309503702,38.31609131863869,102.23418618352503,94.55267581616015,21.337253339963663,22.694122263080317,118.4310228117771,108.51788805717561,54.85699596580019,86.45995622847482,118.70276133372833,105.31491252895141,75.4084249894698,27.535734482240986,32.502131503476825,47.117018480625966,49.92183749111657,111.4149376753812,105.78500284873718,87.83042638857016,119.99999999999997,113.11628355711161,43.78779032568138,72.62346672409795,50.420839758390564,43.02202768164459,13.199165564503767
4,73.77940607461852,97.04665132998541,90.92578714613244,103.16781850874908,41.84549718656214,45.337099335257186,95.89774041869518,64.43145876788373,34.85881593976181,57.37515406132429,92.92601671115902,97.29714197438138,21.429752894522768,69.06848737253333,112.61317227843365,112.32405653363438,99.17474453122126,62.86691758955353,45.104010333297225,56.76265923596055,102.58350482230512,43.18410695402792,44.34996246082337,96.69162769962958,7.517974025883547,103.28056178848767,42.58912789987654,96.57074612529932,120.0,67.29774903347818,54.10406118551053,79.95575380103277,56.901900442931634,72.1223294167183,57.093327071793645,81.3473657497146,83.17751329882034,103.4352632374335,72.67429348014514,48.49806489612284,85.47033830362135,99.4933061811943,86.39929259178174,74.02944130970107,65.79511547027926,80.22449812035165,31.17386363140703,80.53372246280159,101.89388953098904,63.18670991755591,82.19220086661554,84.02269826599216,59.62228621923989,79.50097166537053,71.81242439135215,45.97786830572962,58.437835505565275,58.56639949909706,95.0595161476533,67.16971476947913,85.06006517603095,92.05383685515278,42.577189680961745,66.81736232676045,94.70074517659536,82.62108601501966,94.94224192383123,104.54843341780764,43.09117335570094,58.963048690825914,53.7772327168323,26.485851307887476,78.71226548773824,94.47975309937628,104.08367252568686,103.05169110021588,86.12166363518999,81.40922839914964,35.029711811938995,71.16462855547333,31.27253760881206,31.866866363533287
5,86.8775114643016,79.45710505948556,73.11047774386347,70.24504693993838,67.99309613632944,67.10582191410472,103.2109407419768,76.6127694602872,81.39844863978063,48.88230616749201,42.513254184426614,74.9002769093055,75.91903437733322,75.57841632230712,74.19549393906769,102.15997785031547,60.62740355399523,54.70221042238135,79.52375282145218,81.5118215871673,59.066068464285365,84.40876530040306,64.7308163759026,51.763611306158616,62.35646443574154,56.80521692716342,88.528914703384,78.40561619032685,108.40936006132294,27.163205615540914,67.43132514168155,62.95547748473782,95.88785162738047,74.71554500542713,70.27464476008703,87.88002742557009,65.69192293957498,76.57488879848052,95.08804452027026,66.60289441492111,96.59827334424926,91.7452460515943,72.25959526751198,71.13105760297253,48.397142853566706,104.26071785056382,67.47507227311651,86.73115703935417,62.97165437554534,80.53696731050695,54.62728829734645,81.31143500263003,16.460236750028884,89.74640081841127,47.081484750748324,98.21211094634548,79.90044454770921,86.72510667170909,53.56278051241775,53.73379778942098,17.763215314947026,92.6124948947086,84.81301937808082,92.8825305548925,114.3876689700633,74.80727309788669,76.07299065191863,76.57250347676238,35.73863762469967,54.340421317919045,54.25460977378223,67.87583581164625,107.31981237803552,82.82518896523631,82.86968163797783,96.71620859861767,72.27627097111267,30.026702050713034,41.26217108278899,66.19952514817926,60.722043416657606,93.92739709395296
6,58.53833748403029,79.4729386115392,97.20978521635276,28.263855606902258,95.51919185880898,88.25240799041069,100.74348323195574,32.773540754062864,83.88702150130098,87.62817579231859,64.4494903316052,109.84076697984786,17.600614219477297,63.67638854486444,90.1440018765228,120.0,113.37272813968508,61.65524947646122,48.94981211177739,44.120636686905556,110.079771322822,23.82180226234885,37.782977316742,86.108748935008,10.267698797585242,62.60109812805982,91.17210299633503,104.51976630822602,118.54760751804392,52.26911497587131,51.45742475691992,66.45194122102374,60.15130114601389,88.41499746537575,102.16300259072514,63.04881289968298,68.04340494438726,94.71635970389654,91.98995691044901,54.897189138868875,109.57339485897089,93.00856196795593,63.121837763144605,62.69269965671422,84.59999154173265,55.13547483269999,32.192973364953026,84.05385811546415,107.83378924571787,84.0631082066876,57.120804692744734,22.469747163925554,29.286239245347335,95.10693197272323,110.34934104021207,91.10674703292123,70.98626689089569,79.96699802469399,53.7277286292809,66.36215421040737,40.3202790874212,81.77759282124188,78.89041398676846,39.24551673371237,104.71335791272126,119.69068524772752,11.352890684302519,104.48484741114932,40.95862428768837,69.72976924380673,84.90800292766781,44.48529731346761,117.66491144488067,81.4156566870369,102.73702959003428,118.49309722559038,51.19456201529781,82.48700291633739,33.53785460755791,56.12555729657257,30.431660127912043,68.99323622069771
7,70.64003653750768,83.42256977021762,91.96410755848913,74.5408652468292,96.28755956277163,61.61547942749287,69.5293818966918,39.28989668155712,32.524635436215604,81.2100934200129,32.720808027522835,91.58385033810366,105.67383889083997,84.3101333486452,82.68674385710273,119.87771187532931,51.03252656288328,101.95931110317514,52.69336154543639,50.696370130720396,113.13814876711487,32.60257001534054,73.87363345129155,97.83233132924464,73.063368051815,66.65476952447054,39.35492868943385,74.21539409238807,86.00557486135635,42.68506009558676,88.36776591429125,56.53207198420548,88.46092774057777,77.93301603510128,104.00128994137937,42.66344041965121,51.35642786920688,58.970173068008066,66.584141786576,109.73979996718711,114.67921073106739,55.78699776714879,89.14876401488777,75.09091266512483,112.2012421467723,119.99999999999997,50.02802587191906,31.112440808266673,64.5317026443324,48.15746716184375,78.96912136686576,73.78655029873315,97.82526559113535,71.65951719794681,42.29599086082974,79.45255344987326,40.906802407897565,62.62706805352116,84.446252140063,45.70925382130528,75.15282706851583,116.77978277180098,61.46274730171293,33.60366954949169,112.01849898821833,86.27322049895493,79.74796692511109,44.31050318866553,98.16984102879685,38.25141280937097,82.34863553634717,46.35971282707789,65.46713366025305,100.34479402437749,113.84152804319861,89.37206786969662,90.83702992586976,83.23636916769374,61.31228888580308,32.22624001088548,32.530923577185376,40.64355251966741
8,91.36384143926472,79.7995001216602,84.3027461912052,41.69399119749698,89.64876409731383,57.03926993258985,104.15188702046919,74.32179218912854,79.12197172539399,65.06163049517724,40.54349160982787,72.66050887570563,73.47403967094718,73.31836965901132,71.49819577480817,87.39354366311302,98.40680117150534,72.89195011549786,41.77037690987512,53.71741289774366,95.39211372037835,72.42780152188669,78.26746953927142,67.12192596283016,74.33483621809982,47.31756458893137,85.41840789320003,53.9394517384973,104.60034405916988,60.859389875876644,53.670796842590164,60.53206981228647,91.85240522428343,71.5711364882851,93.24445976111791,58.05329960219911,62.21644239336119,103.28014874905017,83.22851974035682,71.96214302176668,104.33758463202717,62.71981108231627,77.82811786272107,66.64367491176188,50.15356115825929,58.7269002643783,66.37065288593661,76.70048234050915,119.99999999999999,79.3152443109714,53.73315903994525,78.81026771410286,19.831235988429885,99.36057853431015,45.784677453827534,72.70086411672963,69.16005710434305,87.09084164724003,80.26147744101684,49.3687799121223,57.83808559503818,84.1589367845395,81.36088689231842,84.94717743177192,104.7745543163772,68.55157906783246,89.84236293055615,77.35967095927188,36.106031821441476,76.68051036983624,54.27694183446516,68.60475808753459,68.45308976702836,83.67663422986611,70.9925057435753,86.49468973049281,61.91738016391065,82.35611041304732,51.95546794982461,58.744490137354504,51.073965554133174,80.46539030766145
9,93.93594542863406,99.79969468120089,82.5029156177754,56.12697295106923,95.12039541868432,48.95557730193422,71.55849860070182,76.98081240318913,34.96665018600831,51.90176662518323,72.44654226235976,32.75438463561702,97.09380748662065,81.51314299384744,102.34289340717449,113.9614652125746,70.236580502634,89.22023373630103,84.28531804840809,66.21709735184476,47.43275068164562,50.64655446659196,69.27310319054166,66.86332953456801,56.01224477488036,69.25749155020374,62.70236582432671,66.89146512547958,120.0,45.28363813658997,51.401382650994385,87.29836861989884,28.499750378154243,101.2166441061448,67.54903204775795,96.41142150294931,74.33976255751044,88.81705670977908,66.62306866529481,99.47546076408427,88.07787701540812,90.25840262097718,79.29542415232187,57.452710072134614,62.68604348626388,81.45582197823083,57.52804119326053,66.99036393692958,102.64137715386083,67.05463990396977,66.64371234748452,79.46337878528634,69.28147437201794,77.36498241689776,65.09447987368665,37.583848488461754,60.78871269482272,97.7640657948015,65.65905757402533,58.099813806181494,70.95173239553682,83.33207416881426,76.35271516276993,83.19745827669352,86.50308058586876,72.56312560413525,101.4559511427007,99.10472469273095,39.68673020630089,70.70573788866228,59.405544582900625,27.225822196217532,77.64474073763108,79.7707485528559,106.67939247894061,80.8915192969603,108.35865723057863,27.571641514034823,95.68083473545337,71.76242485360841,13.45128220797388,39.60424768245002
10,65.4847645877318,75.88966387097507,84.26398095991513,28.32070211198877,87.53204274391985,89.47395890205429,117.03488682341512,71.2387940984161,52.38808727930925,63.84530729416602,120.0,49.79624590257168,72.85073856173929,80.14998394897304,39.730842914824635,120.0,61.78517916443412,90.70386418102905,45.93495549500962,61.39722550653936,48.164328300403376,94.0144473525844,50.119722057080246,40.73147917480461,107.80296945144543,68.52516633909028,54.98236552943602,109.23620814090866,79.60208930723472,54.04485555998125,99.33086419622634,48.77438403631054,21.748734342467507,112.51376786543696,89.68553086087307,56.906411654767425,68.99545148393686,89.59199885829376,64.10413292504674,114.70894827244881,92.82016404107105,94.78850086090485,51.5760343169991,62.41022072523572,82.09073188828641,53.59868030322685,30.363807890061324,117.37397600451357,73.60825716957036,70.36694525168315,77.5976014926583,20.54045168156883,27.49274273980698,90.90875569156947,73.57073494715348,93.45220073685402,47.05238534802351,89.76175693715793,110.22097191786574,53.46810503692978,51.798468496239494,73.20999803248998,60.57921237737416,68.60661392948522,113.28543013279044,110.05217199469092,53.29400127301194,100.3524422673125,43.620661921625,64.24527494040538,68.10583332655337,55.25281432847307,118.43034935851921,51.698622584099574,80.20075768897759,85.31279429617338,86.6007557349344,97.27766946631886,34.41472000273896,32.97076411357733,42.34169284250022,84.88084585477925
11,82.07805683768173,78.21789515912155,109.99256770035377,38.7733269299564,119.99999999999997,38.42260482588696,80.5155485469996,48.865159147778876,39.94155347263452,100.93595725188686,40.821766055926254,113.93522183596839,30.124597056099866,84.14925323857743,91.22649194112778,119.0066277692849,58.79312136783191,104.92187217553936,47.13360741391916,52.10377574280115,106.33298682896152,33.70800870166206,62.51567346556298,57.80242617081922,75.7909387965608,55.63771720372303,64.0092518551852,81.11073452740447,114.13325798074429,51.72609923680789,54.10102272538504,78.87998343539384,43.50218352166911,99.0805028172072,120.0,56.69930387069732,48.010904392839585,92.34922231990566,78.29035011598472,88.34900908363727,91.88491176363333,87.57302013312295,71.41318720622456,60.1402993774915,98.8898855324685,62.38446741034585,63.8867734896334,68.16443570386667,86.13046238538871,81.70702219820312,43.83695328009375,77.33929636390529,79.77678716442617,71.48142087248716,77.68641750447003,90.20831301422439,32.42006174025466,55.615013548837865,68.47268979139446,41.98631671927132,48.63659273514956,106.93994203657131,57.05562437805214,94.10544861879943,102.98519817453939,79.29087733761679,80.1828512273034,49.731630337061716,47.634497000647116,43.12388745096541,91.08565982337073,52.43261819431406,77.31936364588006,113.48949232045752,103.04653319989959,99.79212883099767,72.96993361209489,75.17118893448831,56.023636745147826,73.13402403530166,25.173266679515628,38.68928796255448
12,94.56000555912875,85.99034546413901,91.0506517914003,58.37016421629024,54.00207156779115,51.626784229960094,112.3999771712905,71.82300898260735,74.97215255637227,45.82622896537148,88.54745614941909,70.21757990416158,71.00375886854356,58.51546948148829,69.09434509203643,88.04892252958491,85.9352013129472,73.14007086105364,96.81126657172888,54.632556160080384,50.679581677876406,72.75240088672852,77.74036400173426,59.7662048334267,73.8342156661243,54.26270885036694,87.88601745978777,53.61459387299257,103.89589531556747,25.6575962645861,67.90398440795227,60.447140289753285,64.97245518762249,71.75835707002145,113.29759339003841,84.87474159857194,63.08813179145407,75.76291902371284,72.95466826629293,56.81097121094019,107.87104760102176,99.81681771568846,88.15300357375318,68.63057260859068,46.003596843611255,56.35709483372545,63.692399258774344,81.66188418675497,117.07205702606996,76.11463784518611,64.09833000587791,76.09664289461237,57.573037308187345,101.37850865037879,73.50512589902458,61.392960164489324,50.40566360654,82.99452860887847,49.653532867889126,47.40913834501298,70.84589430540612,81.4991146367259,74.63556614946556,81.57528895893088,100.66129583289828,74.37370177156023,93.47303576513436,80.3633082095851,37.565134015802165,61.411883115110996,56.589972192238754,71.3447696432861,67.19375690150954,87.05814015733306,92.6943114013867,113.10038983756941,80.84499705929852,37.41543513204833,67.83781294522973,78.14995788321956,66.46313947676123,7.49395626448651
13,93.81066171838869,100.93150413476675,78.00422406180857,56.765136726602506,96.38799001611889,49.73045334907722,72.37002999323734,66.78268812284718,49.77184404063812,50.71906397025791,70.79567903659283,33.509208414170566,93.28668119422325,79.65567615025537,105.4791590710148,93.58722548333238,94.37579229876788,73.26927673998956,69.21663432825345,54.37868326069115,95.5805173037863,41.59187058517931,68.36753333985035,65.9892613529132,55.26832786073873,68.35212578205181,68.5744176876264,66.01702914244608,118.43130483437339,46.1095361926753,52.33885816662113,88.89054530687615,74.57977579977133,66.20745135187082,68.7810137646512,98.16980507989452,56.92301433763958,84.26814259688132,99.4799077040168,94.58038886374229,83.1412738762373,85.8861904515906,68.01856757647835,54.625528931053225,88.24805677602312,76.03023553846091,57.86589619457462,62.528288650664685,95.8046692240811,62.31812688357688,62.20472673261869,70.7642012937943,62.121559399338565,80.83219454253343,54.74550879214345,85.11278849989525,54.21600314790785,86.73664936272314,58.47109496166404,61.507218205372325,62.50723935649022,84.67385510792835,86.60559277057284,84.53707168259845,81.63636818761083,69.53265468942703,97.35187450604678,95.45773427434709,38.22628394354082,68.1038120026442,57.21945857575585,26.223929370319688,74.7874639893631,97.62944333798244,65.57843837519435,64.62185731766866,111.64598120264512,92.41220659371966,78.21472180005178,76.8616960076419,13.859359638863506,40.8057390642151
14,73.7981118046506,97.07125614258663,103.80535224996127,29.970180104104877,102.43667428098092,44.99637147661092,95.92205394110472,78.83040304062978,27.591104522326606,79.8187869395009,86.7396088550576,91.42822265656346,19.2250366368429,76.72798084970034,89.63885649937842,98.46177479818537,86.4286939260017,63.16017592491598,98.40904724314636,49.717495711170514,87.99160341221972,37.83120898436028,62.35757720573607,89.55186867011719,15.325537657949672,96.60169500028556,39.89179827019804,91.96635497764818,115.30516821806535,68.99422760317424,53.54057051667229,69.80121463562796,57.10205629748294,81.67038223072812,56.40400955142072,80.45367909712607,84.03386006776775,98.55030969720289,70.83516771624362,52.40194490590935,95.43581260597328,96.40790714389733,84.21283631709056,72.15602161368294,107.57000570238188,92.03481819351418,26.464234454875438,68.51090442889992,86.33467332478943,54.310449248613374,69.77491464692578,68.07280839863873,14.37252710110074,85.01964262954453,57.9514680077843,92.4544695529363,62.47754298205846,57.19756771403672,115.45397361390026,71.62001307414847,53.18110754997597,98.11753379060116,44.83485136785346,71.66117937590167,103.22898995597617,88.35632488554307,99.85558487403159,109.95890506750797,45.32117876249291,62.56105562760423,56.96832635306588,27.868403319875156,82.78569315167256,69.68085284374963,117.06865412205575,115.91619721642677,98.24528478748591,31.47423200203541,39.39985126000544,92.1595187531403,35.06803034943934,14.668231509411024
15,57.12264314910792,104.84244983070148,94.81817402354686,63.21057198372288,106.98909342341973,21.379954202688488,99.63711338681271,91.05387871241614,36.551869197881594,45.205188830034224,97.38039111284672,54.91473970769073,55.646361796518526,55.44022612191956,113.80734452069251,105.83292176538218,106.98611434961275,84.14651905074606,46.90342792871479,70.33132708993776,54.777297923300395,53.022391892306054,107.75482040065943,25.84939141560898,18.702699161117142,89.64403658174335,92.52532533617644,102.76320005429422,73.7605270504004,52.631024056019086,56.05030024762381,41.71799133067741,62.43916410992039,69.71134719913377,95.9537884902701,56.8426871814209,116.65369738493452,63.115486616499275,84.9256600966592,82.17998768658886,120.0,58.625000406202965,70.6270335930991,90.52683160095059,34.550382215793896,88.54606873791305,44.00252409933068,78.43064808149575,115.28066453913716,43.598833328458596,100.59087899787093,21.177730365460203,13.553600193011107,77.5440587261039,110.92951446385653,65.96073478674317,40.88982246775705,109.10136131621684,113.84317768085127,20.402832331085236,21.559481506802697,112.76796511950973,103.09230617533503,47.64148462824789,112.76796511950973,112.76796511950973,100.44220282331563,72.19043839623998,26.36067182298294,71.18821199456855,45.09351385233285,48.746072103795335,105.01613171433,85.96275729243476,87.41781067041315,120.0,108.32831748384253,47.08353611104221,72.28229128968933,50.183969326782425,46.130661603638906,12.573413514591524
16,107.87365961468288,24.712027119321046,85.79965459328874,57.046846531594966,104.34230380055254,64.53971686956939,103.68579147099052,83.4057395985649,58.981774668457106,9.769978015513745,108.43313576939028,58.01510431423691,86.4813025154391,93.85912115444641,51.05384396395154,116.60233060311575,81.50070935126797,72.95636094403082,45.97586619549722,71.16833702909314,49.139786758827796,84.6566091181673,93.58586685088574,94.667171915291,11.846585192017095,65.64722878091268,72.76261196402614,75.79702336562924,96.69351193123809,59.02261481991809,63.645192162310266,44.4745866776118,42.01869606217271,95.54808115815028,118.86785597120507,57.133159774197,71.2898133744348,88.62214312265407,117.76726245686227,49.36484415642187,106.62370772674774,53.33806674643319,83.88947231431816,70.39450347656273,84.02087197212194,58.61274270302712,51.34176825949523,60.80951433191378,119.6824563512025,52.801738897367414,77.730907484872,19.09457610010515,31.036649165127827,80.83108040635696,84.05133577037135,105.32561640671905,41.51822587052655,101.60663657097173,89.53587970982132,7.553950893885644,26.662571309575835,73.66150312626472,107.33230951655256,87.26665428313419,110.8231234465032,117.69988742408384,55.49753431958279,101.7895588473744,44.53048357320783,55.830408646401104,30.66372412264074,60.07963045373552,116.48428475353658,90.12437528352108,100.28513767256558,103.66148073065754,94.83459164331495,78.27220157786778,34.08097176276755,65.13808073786448,31.384006839563455,36.34352903539863
17,85.17235729229591,83.93806834748769,89.08510818944971,33.17927137297847,87.04273557385899,70.76783476626733,98.81462445766189,61.4372910917429,39.468518187459196,66.72350546415,59.29813555407936,99.34096191806697,69.90207619081123,56.90901503447811,96.92049655921222,120.0,68.79386587918638,95.59394857560578,54.43115827976191,61.56003355123172,62.07829949923518,59.54269421497904,93.04094426363235,61.186611818540825,61.2691599336469,65.90104695458051,65.16119605752802,54.69895062946949,109.7420903426019,56.47931786622742,55.25429131472919,35.14333626290748,101.76462384955067,68.94098115746864,100.26188786011693,57.80639333448255,76.34916835451719,111.93282368531912,76.87191149078271,38.73088314960827,110.1151272505361,84.6663447202285,96.7531470851727,50.929762618352626,65.36665667177067,97.79051321431312,31.597686209616814,86.3819906216766,110.1031046769942,67.74801216795412,46.01203643767444,77.51909271318092,88.10816020049703,52.49129519851967,61.39289389095414,49.936786943293455,70.37318414178145,66.16491681792526,87.01367009384803,53.95957340546643,18.63594139091961,100.92838241304071,29.81884504691634,94.79955145841132,115.69659157401303,117.16111471123251,83.31208490416887,86.74337107999779,50.46010221351463,90.7858842509586,29.599601708765555,62.79351492486204,62.43349272390804,88.87194819382447,66.48091708561002,93.81522061814643,68.12322753817871,91.33608452268678,70.12378994203254,60.31102766964588,12.462922751651346,81.34680987204828
18,87.70289316899276,89.51716128452611,77.44264096114244,40.70218221018516,86.20757816346924,60.547480510982496,105.8800637007018,74.92259885364767,53.24690608535627,67.1171623550762,87.82505845227413,82.86958044383017,21.48639103701268,78.01593071196267,84.51637206084024,107.15071606829132,102.66336509710607,76.1701625984478,50.39476676601782,51.94583680972503,109.8594191404115,23.81573352000044,52.0466380275998,70.81091773458037,95.05857078040582,48.047350025326466,40.882490609100806,101.33228062593788,102.82175219704882,62.95856730448435,49.91927493290655,52.24453848626025,83.20280541963803,76.035935340992,99.78178871667384,61.353423326405945,66.503666472639,106.91487155027708,87.49632255449406,45.41349279341416,102.35412667208998,67.44647169959859,85.80758115451258,74.56713357561355,93.9819012872187,70.02295354432822,61.54197354505532,75.43192968252902,96.54358842644045,58.716045037218436,48.76160847720995,85.61251429071346,18.942727603542025,98.55388124085466,67.49797324344702,66.2011488837563,61.966986064770666,75.02497613413298,79.19979253878294,47.269969528373075,61.80995679110683,83.8102661314813,84.63349380087494,96.49041198013597,79.20114370349373,77.78475806453415,100.57584362715798,71.69058947741125,46.3473389442866,61.65286138061844,33.10516189095921,55.14374897090632,85.4643255318485,101.0201301768116,58.918827549723034,72.92200933551374,89.4466825100135,84.978413389066,73.76095773483112,71.70744313500872,31.80984955639812,60.45581678944575
19,85.27623805583454,77.70926762559712,82.14668478952463,68.95033299330717,66.73988877613489,65.86896825228528,101.30861950731635,77.12079472499623,81.9003280939303,49.20644856183791,39.576512417009,75.39694650200772,76.42245943046345,76.07958271048125,74.2969275592741,95.0341163287197,56.1331696370998,79.23819730075861,74.0404139772787,84.09022733779831,54.875281389280104,78.5885940290648,82.64589006219433,49.584354771238935,60.44669072938673,54.39510459360426,84.80183285904323,75.2808187812373,103.8453082032952,25.000666810808504,52.65020582721537,59.13299785698811,89.72942934431589,69.91691963794264,111.6264192261611,82.47051924349138,61.47284205307695,78.85760936619626,97.92264785272197,68.61039270329687,99.47789705417128,87.17813675772369,74.4136756314555,63.53964063443453,49.30357675072771,99.41613451373024,67.94855892185684,87.3397676492356,64.7804457569573,81.2008970399547,55.01061936753766,78.18072431740734,59.79810908826658,85.13092870399527,45.33206472427911,94.56281580111064,52.22073887339876,86.20208534277225,51.57253314877,53.87833858507162,17.764664916582756,92.62005271696702,84.81994070901342,92.70662138424338,114.39700379763288,74.81337789048897,76.62366474017213,77.1267934182515,35.9973410294265,54.628148658833794,54.31087323358988,68.36717266694419,104.52126565920834,83.42474059357373,73.17039146402875,89.07482481377448,63.81686204153226,84.88260521671745,36.432735725628284,61.68947074272122,51.99922779986628,82.93388219573134
20,98.1897872601296,99.75413108086411,86.65943681008787,45.51833210700466,95.32912562126657,58.97128824877336,63.57789887187385,63.92972196625125,46.55432662789259,57.22917154826933,74.7396553794064,71.81792304713045,97.50727764923673,66.34732671750538,71.87459706430786,104.6960132732566,114.68744714841488,76.40090431589529,47.568956057057584,51.01702787343762,104.35950957074658,23.2701417611914,51.56971653479498,29.049526962642847,89.98086297548308,46.653859777765135,84.65573360164133,98.37991923919006,110.71038090848256,58.4771820993515,43.198688869640996,51.767909778089525,76.83838402787708,100.64478673595356,92.33550241243852,71.4747594121332,57.26278666451566,103.327463198351,84.63543630859182,44.526122877737045,99.40195150398308,67.00053930083477,78.48492597521933,92.62356083528302,97.98271650900267,71.72898382321671,45.786756342543875,77.9356945093853,99.73594614093912,61.489192988743525,50.3407096861688,91.32370550336805,13.595570779768266,95.96315667352629,65.64310434467836,70.17213760625395,66.32284727429014,73.02258788278348,76.95688993533147,60.702642982613995,36.380417367134065,81.44479892764778,94.15578792264436,93.92595840769917,88.77446292285279,75.61593146940785,94.36660138756623,70.82742575638005,43.3430450510667,58.247354609889165,30.960690620230164,52.79149882061175,110.09914653423827,94.3642372200177,64.95955333072695,81.66500649920141,58.856458810057454,96.65366331554947,39.57183939648817,80.22711506564792,42.05816849861381,80.00819508371468
21,59.14039675091467,92.56464332201233,71.1679859163504,30.935063044054154,98.83373819320857,91.16861115931597,104.18956161414395,32.935652342883785,47.32647226573791,62.16051650337119,65.79809796330134,102.69770948948263,26.718395478408347,100.40470461091611,111.95845134589871,119.99172263935162,75.96414187977604,71.65020377410356,50.89133067210345,49.587621520772565,100.52884522913709,53.38613428475574,111.3221299290453,67.83871952885723,17.039436003539542,94.21467819635467,34.54309283728187,73.4778005902352,112.56414291468624,68.09791849416995,47.5683526086516,37.18180276209595,112.49831723136589,85.93058001544581,78.90382567013009,58.941807047371675,62.87739617076902,92.54545153123675,77.29710039218186,37.694118649569546,95.55332316488828,95.67623217419103,111.66036381313046,59.57341027480207,112.24917242810868,49.130448853163,61.82350384903974,79.21864087333098,100.98765442086862,61.845731025716795,39.74484854977214,84.5404328594068,68.73217138356021,75.94098073886111,73.63757936337831,38.39615835809329,81.17868757985555,54.86397398376501,75.71001573307977,58.63784102801584,77.4014782528368,90.75360506216066,26.12755844927814,89.03509809686237,108.67908625123762,80.36533285960866,85.24771410764447,88.52591226553227,77.46373200931244,51.33227867310674,29.620731181300854,56.99077349628189,76.00921493277116,89.80964333405016,113.7421859806758,101.38791042802022,69.68293568282355,86.1998964864536,33.93875604080463,74.16756980683394,32.28134407336559,32.599401501022655
22,59.48071122653916,93.36367236631308,80.8790706069818,30.667369913885302,89.30007723461631,91.02112983012896,103.2879688215354,32.98142817935145,47.39224927942733,62.202188615118935,65.88954788938432,102.12074550981397,26.755530218882438,100.54425276047162,112.11405754754996,100.04157459876691,110.1285311552782,68.52653685252554,48.67266892598021,47.42579636319847,96.1461831854014,51.058708918849305,63.47919081788598,85.25118899477292,42.876308263337755,57.62683217188969,49.428801379900726,92.33767837221292,119.99999999999997,69.12560455904774,46.30897737466524,37.742924473457975,114.19606299948028,70.18561841015628,92.66036722138085,59.83131549463039,61.94912946718121,104.63090489454535,78.43113556691999,38.24713365546863,96.95519760755577,67.49008770018489,113.2985466110062,70.94699396431912,96.41039968735775,50.77326146149611,63.474217141326804,81.40938640792444,98.68120420454069,63.49703779287517,50.754493304479,83.16295082539408,67.76958812024122,74.87743923292898,64.63557687846743,37.61611244820222,80.08719797178617,69.68889416675823,75.16224035622164,55.05026783636629,60.814483848568294,72.05577176203396,81.98140475518338,83.61974513077037,102.02989573718669,75.44843092989106,88.29637650717538,74.25210846560364,80.0683827477834,53.15498956909029,30.70787473588924,56.994129961993266,78.70815657016433,92.81798144230044,118.22945886261873,80.08243353410981,72.43201549808956,93.44752050379958,35.27768282786896,77.09357410193654,33.551825611555124,33.885489060021754
23,92.89040238634897,93.84048577541125,82.15047159426949,42.719387379036796,89.28598206745205,56.71698951298277,90.39628128449874,79.46555940986076,35.68071734843719,66.65743385840968,79.4921191090366,78.68866022105294,29.428208160545353,75.91699669779089,104.67030519486654,120.0,90.51614175982013,97.07419550008971,60.51090072534328,64.71924808742617,48.24295865680315,40.9365552705176,51.65577700780081,69.74971238858193,59.72629469567982,49.82869281125709,63.34122596102498,101.60173109246927,115.0965660431861,51.32501562535093,57.013399793389056,84.89130762597742,27.223049834351848,97.2468929505172,91.48882151196827,69.85872248844692,72.95279016999834,103.5873244616755,70.56005282649146,44.24772939511263,108.03150105668648,66.96392009600156,83.93027605052103,92.67919611351131,66.63740276156595,74.02290195305427,61.44370021267112,81.08341169823846,105.154345738346,64.28433483894585,52.373902797178275,98.24005580868655,18.13994423225207,88.22587402351809,74.74079805527457,40.19922464826594,71.24068657916678,78.4586447823489,83.75477187048709,57.20277974100622,70.01709767934902,88.22239158989623,75.18999997252342,83.71109061143919,85.20355167093385,71.45308873485206,78.50425547816839,75.05322977433715,43.72201069164215,64.82923072924964,52.243605702339295,67.99001428845249,89.46944978330224,83.18820355250858,102.44562341250345,78.03695377636079,86.84377417611465,25.46708675127389,92.30119541146755,69.70791215473466,16.207890684594396,72.98956363295054
24,50.52451237284727,102.66453912568144,83.98843296019334,25.58615700277,97.94925273306862,90.18088764184132,97.106218163598,72.76355350620058,47.357680162942,64.1182876756387,95.14753668306572,50.72614168420015,48.230133056016676,72.2994272077327,99.35724002420352,92.40137788685361,90.33377891099326,76.68886230865938,93.19988680936923,56.697037547818894,69.29864210691396,43.38041442939168,53.744244737556194,62.89950918087391,51.543644420637406,65.70836323395922,93.05710737870146,64.0471310482718,119.99999999999999,42.07883947494865,60.41545736169809,45.19588834169242,106.58803449754957,81.97065343221979,92.92979835665399,54.54391348292255,68.27741505231491,74.30574541314724,102.05063662764135,66.64567801541612,69.90887804484896,96.24731674442424,84.98458235410713,75.85716280041497,59.060110066057916,98.63348789657536,54.165457154755366,63.074695615263174,96.770355080618,49.87124865008952,83.42464553664065,98.05954265558789,14.926407542557884,93.19582534942948,68.44951179271655,56.24869118745343,49.41748723024988,102.89890448417839,69.80362975782641,68.76119168596423,28.616960778242934,83.64648354126348,89.53605760421483,71.40306562534865,102.35545658955655,86.68078417540936,97.70289223693533,113.72221127486347,39.52908577787148,52.19550769781896,57.257727805093644,42.56186322169405,74.87660340668786,77.15410857903524,88.5432178278462,109.20433899272084,110.8826882824135,65.01663930717665,97.3224299114184,57.98721307008745,13.749845874856174,1.2936267334808025
25,80.60308043060795,106.02225551613624,81.06982978118148,32.82433751435384,110.8195295547704,31.893882519941304,104.76708468300876,64.35195349228466,34.39569642843596,60.28808594758885,96.11736448030233,96.00702983937411,25.053773947359804,87.19988460328764,86.58621126136671,109.21962356119559,111.98585374835123,75.35340101995075,46.60257894442232,51.27504113942592,105.15059363817895,22.41290794847521,45.48704282864807,72.0801289213683,65.76460175373722,52.082969171065045,49.840806241756866,105.7444510834245,120.0,84.390817590535,67.72074906994251,99.7473996989601,87.91604983897206,70.27903066599161,40.30882468750473,41.19249972352021,60.44462872457375,104.09551784970024,73.89331094133301,82.73976445929688,83.25335075694876,92.0745974133759,61.69192750546778,72.25153107387735,102.29603169876707,68.72365094521489,28.708598692779898,74.1650231988242,97.62169203956456,58.159214194981594,75.32578922986784,92.9272061504761,16.253383800862338,87.29174054564264,59.51575002911865,55.03627228586705,59.147895000750715,64.28834178795138,118.53941039933116,60.98594914614904,86.89486061929065,90.22634957276262,42.92423529340021,68.57156818414562,96.74349573602332,84.65354144822851,75.72599291104478,93.39902573540417,42.37088773704618,57.95326646663375,80.24317231805438,23.708827528829246,78.83428700267321,102.7645403003143,101.61427996760416,96.08483957236072,80.99110071283488,79.46791479343955,30.995378174192066,67.09816565341782,29.40952527055333,58.338795855597425
26,77.93834750857503,67.32187914417909,91.41733396534954,62.97548340977629,104.32098031787264,54.951963064457146,89.07401258979023,74.0840068939574,35.777710708138386,87.01833088504829,42.87755331136187,46.03854989267261,77.4255064217779,84.3260752727623,102.45226661428126,99.08749303435229,71.89337630917467,101.76286160487604,87.69182387200851,68.62058327850266,40.49770622299148,52.446155678094314,59.37762630274792,65.66065290371803,64.06787724501618,67.20979211683468,93.83355533350358,64.19783997464194,96.65265612353765,54.56799797294351,62.733312203194636,82.09013926935555,61.093459391264986,66.42603816461087,63.981645384964466,91.16299358523537,69.94441402843066,72.4931747778498,69.72976201392638,65.47443954274577,111.52974082187465,94.39540743417434,82.64779666728687,73.7296787421422,64.32245367570522,104.86834428385922,59.02980247139702,51.72581923650768,102.3785993827058,54.29154403396004,68.383436915865,73.08551162798,14.423183678483351,55.92460247497804,76.06844599131983,62.425630458361454,78.9737708453504,114.30136339648485,77.79749152704208,56.548334271995984,66.38992330139568,80.43595883919907,72.65500750701915,80.50390852289854,83.94754262374968,90.51932493374191,93.71180916287864,86.85001165455725,36.554938375894714,66.91913238020828,39.84854575349631,24.928556995768506,108.36374566398202,97.82326001321434,76.35689589485479,113.85524871690721,83.37465197634549,45.68961616348274,99.2825258721271,104.50393114663437,13.957625657415011,6.979504572233369
27,54.78400415776785,85.43925209353706,65.92561853723114,64.12067828079208,97.11061884092432,84.10506508087421,96.51476300887335,36.61010417667503,53.4664755799824,70.49960923913824,74.36713554599712,71.88336447037383,30.19799355328745,111.26382937931132,101.71148805523457,93.03673530162031,68.67052045378551,64.84662567184414,108.27144565086158,44.87900607865162,92.1631440637202,50.13252277951664,114.44067917298301,70.06210972191727,17.516774339590363,96.85398372926487,36.9123428263387,75.85379611551875,99.36031409438701,62.386820496677885,70.25721034322157,71.71120639104528,85.03163686371467,78.72392855969598,72.2864797843271,53.998595218868765,57.60412234244873,88.44307640109824,74.37841513264935,59.03975839279168,91.94529551047819,91.2696852271939,107.62026897055117,57.30350036523752,117.70146408468976,50.17522943603513,54.943484480667145,70.27880454593272,105.37586724806722,64.84977066335989,41.675379541248184,78.38270048180871,64.0404574759965,70.40961284700383,68.77196486752776,101.7603982911027,62.24170055145929,50.85995874547254,56.533206739628696,54.80119154075499,72.33713180614386,84.87314038953579,74.4760873215532,88.37252404836177,80.44690035679429,75.6930245368561,88.13911759019032,93.39851921767708,42.127695841329576,60.24974949958953,58.72922457046388,68.13963416527332,90.87857175769958,53.3374873577767,114.25692229387916,97.92803161621298,70.27414066638421,86.58999112489747,36.35212293729533,72.81843535993166,32.42743217506952,33.35292382632978
28,71.01497451462296,96.68591302936852,72.87884999289194,31.459113369521123,101.88821279342258,100.25682763943487,73.81610866073795,39.47621427920579,40.44373127797057,44.669925000785604,38.1245950372048,115.55418592627716,64.47260422011472,106.37671148867636,100.88203276976499,112.89405008664049,52.74678652368769,113.39180601295435,108.41941980117059,55.67945331462527,57.348219251722625,21.520265009198987,43.03379061229371,57.8864970857582,10.257059736208827,110.61317869100712,80.71206371340128,99.46725391727398,109.030156244057,46.45515799896606,71.33237428823877,72.29924612389281,52.68058205520946,91.99323018415664,99.74274816171763,60.65787673382509,56.838784453993554,55.56894634316964,82.9711925580996,103.12027910932947,108.61131681417429,92.01405994822619,62.446033795431156,65.26817143156958,114.19054109906506,66.31657518478694,44.02523327867013,87.5100180885673,39.929038999084696,89.170490344742,63.85810300508389,63.96832939116845,88.03532623103669,81.57291445749757,86.25113784750833,71.6352498288538,60.83871204646047,23.34952123974498,77.3488089577296,54.58558546743592,71.14684131129877,78.87364801789012,78.95774799850828,59.20011735308296,106.15632106048132,82.07973879130262,83.2728601619645,46.80541099924706,47.61382811540807,63.274617242048194,86.42018734376198,49.34705832208643,72.2713190024695,105.99471881301434,104.4686608046385,120.0,49.668803594675126,89.52073720554084,66.54928434894488,34.54168426836005,35.177319542539884,44.0735102353008
29,69.05841016719073,85.12797225297614,79.86391005022472,89.9833502695018,94.23694217879945,53.222832853305135,76.50658222800195,59.716503664337964,32.108903083623886,94.83864577522722,84.5961756089105,89.30856301460477,27.670174883887427,77.83621183316524,83.92482213624302,109.58920042867823,91.20213287165716,96.61902277820029,43.403753611307444,52.165892792086396,98.01449019828536,31.00550731978509,41.08441093100797,55.15563959117836,72.37615802321817,95.58987365229066,61.12529810000292,76.69133326762407,108.97728643467788,47.34368791166244,53.33634068761103,71.72192542438054,63.16172605639977,86.61069282248528,115.56146321939109,51.424139962262274,62.840023915807656,102.05248079895159,84.2458237208536,94.59482975072007,89.84723239434665,48.146243438471494,86.39827427423901,64.71511562241764,103.50007617306753,65.32437817240945,61.4801509903666,71.3767314312252,97.55994152311627,59.85592197668487,45.90279973313014,77.66061551574398,77.4886849994981,73.20034065601418,75.45826986409041,76.87123895005196,54.804305443433414,51.15218360106314,66.36436097010478,47.73200519249733,29.70607881796245,98.56804125074358,45.75813851649137,105.2928822232366,115.22683476896847,88.7160192301002,80.39964979947307,50.08269489641277,47.40987956122261,44.06948923514653,89.89133000707271,52.39884871354313,77.33170892186429,113.4163988652649,103.60618332384634,99.18754053007996,69.11866812499477,75.44352037515343,56.22660011345906,72.52208579719131,30.544499691239686,37.350902044035365
30,104.92215491298026,67.52449728406351,92.0774121708744,63.070483139357606,105.07422920952065,55.35093870503357,59.98028457816998,74.38976350711725,35.887238189677994,87.3918156520426,39.81437979517427,46.22855839356436,77.61524032957956,86.1910701745278,102.4819339583162,93.92297038164162,74.14472345987114,74.60605903746155,90.7960140820639,78.7196386476756,55.507904821861196,54.302689569424956,80.4434446611652,58.73345958623578,57.999803695064344,59.757251689298805,84.79202306847067,57.598502260784386,111.67551503898088,41.145498921421286,49.405618898978375,79.2915658807817,58.72980606847793,63.856071962143524,104.52914018504961,87.85642686502261,67.18587121812487,74.82188289962868,71.96970065131039,67.60040715044974,115.11242586867647,89.90125607408847,85.30270309035399,65.29162426549229,65.50888022340095,100.25638134625595,59.594748883375686,52.220862668145145,103.47059838293528,54.91062594220955,69.03790255367748,70.35223780925284,57.53530969170779,52.677417659117154,73.47649545493965,60.17937571554149,50.54365113903914,113.23739976876409,74.99811276163777,58.3566253723961,68.34836505440097,82.80874573817701,74.79826348911587,82.69519587023694,86.42391801870492,77.5688864569682,94.40176540575767,87.2259291226784,36.713161036085566,65.68320026354202,40.437001308439235,27.05039766494059,105.2418716298692,98.24667356868729,69.58339189096262,79.86489345708708,102.62958634323078,76.14772959773389,90.52487486895858,107.60813893062816,11.277538177054854,6.3638467343439
31,92.04208498742315,93.94611590414702,81.61383800886391,42.868104383783624,89.7787488860649,57.03379995656583,90.71730787315157,74.38933050417387,54.80591594739224,67.2466429686209,87.98699427877933,84.54739525067193,18.176206892763812,78.23339962116225,84.6141145364357,104.10109081071279,114.03574956846676,75.96676539584344,47.29865120405196,50.72712976838834,106.73270126407013,23.137911988466637,50.30047270233026,68.4865632594885,91.85168497821516,47.62385566909596,39.311476973268284,100.41374921523827,113.01219720236355,57.777663728801194,45.65237158332608,94.25394748735549,76.17861096601408,68.79264852318947,91.23096252401237,57.22453898396445,60.889256203336814,103.32805732793697,84.63592295962512,44.52637890150974,99.40252306200323,67.00092455177816,78.48209977937175,92.6240934177751,93.87793136068372,69.40144691305262,61.61741596283344,75.40675577470391,96.49532068076172,59.49392749592359,48.707201812040964,90.45264052860881,18.779788395124122,95.00857646446093,65.01698641928377,69.50282079594845,65.6902458159009,72.32608286997906,76.222858710694,57.306972523160574,64.27996453954107,76.8502077935698,88.8441246352708,88.62726062169119,83.76637934172417,71.32509054504239,100.99395021166652,71.60149881442273,46.288188085329075,61.84770597024319,33.064457492370565,55.07323848908397,85.35471054140582,100.77625039547819,62.30394423312107,77.18635059522063,91.33502516587887,89.86075502509495,37.470764051830265,75.82731571521717,33.63744961070795,76.37839560292909
32,91.82986343235088,83.50762707532685,88.45979862178383,66.90655202684577,52.442920532966916,70.9311116078644,93.92212670286139,80.19588331106122,63.67131306545958,51.16848991362727,41.154572939385304,78.4032989448117,79.14416610596305,79.11315435947465,77.14912136021726,94.92523422169322,59.932215808497375,84.60097250176801,79.06758276118832,62.95754500383144,58.4022104862018,82.11423921681988,74.05743264024281,84.23273880919774,70.18220339958975,51.6920258499627,80.82371930541824,51.03802815256543,98.9738518430234,24.607417262941254,51.4035066758876,57.73279329775604,87.60473483163346,67.9831837312404,108.01638593791402,80.51770776374451,74.13427049888276,49.091827766526926,102.63205797224302,74.77431857225284,108.41494520215662,84.73987225026052,81.09896574795978,69.24801248860025,51.66330421709357,63.09243114284633,71.20065727566478,91.56571497093891,94.79334194831816,75.04105780514655,57.643492639991685,67.5676906255951,51.680515499802844,91.00255662397939,54.469250186300805,82.7732608284301,53.216015260086145,107.71914944323399,44.571561532571614,56.768406857185994,18.59640678599431,96.95652493040552,88.79121156494932,97.01127710360487,94.56003142793547,78.31614132992445,90.12969719853041,76.96780030365645,35.72988246148581,75.91434681910803,54.00039146536173,67.97633452727561,67.92687761020287,86.35466961437913,73.86804658148826,67.43850496371513,64.00714370159459,85.65966040854565,54.05991641628995,62.277659135538364,52.96443987336103,83.72462891946701
33,97.9528262651156,88.68105727485832,99.4005023272842,25.738244870552762,88.57593189443013,56.13184367609535,91.51959369166364,46.128049852924605,29.378536418400525,65.44589928917807,54.055391201948446,67.53110135966949,115.24347076075395,80.24678297466525,91.97076814245969,90.58736637454504,50.155615195648934,59.685473806256674,109.00521019223527,55.0391926077615,79.99611503417479,77.53102678937783,66.5982530459372,101.28607577371936,68.45036202392247,70.35838786343342,37.09030704300347,77.0775192874735,90.13909496251063,57.75030115427598,101.99858298983897,64.77137038167697,102.93613634120834,94.49538706937541,31.02402678618463,49.21940903632045,49.80478624111926,87.27271173218998,68.41103731596105,87.27703581123443,91.22603693077016,86.43066831026557,85.74002756317859,63.64248233640021,114.83587071891158,102.96875565603504,46.63033266002171,53.03273424109884,58.24628259973042,54.14260765298482,75.14341647121752,72.98872852862891,75.15976053418461,80.71148557118975,43.77286745089794,52.95776911764177,43.003774337917605,92.93061927294065,91.47499518659878,88.05179896842525,97.914404277428,66.91765471064824,57.56982454404113,33.49592204019105,117.43601280785336,69.61438265141305,85.68797234891397,76.81467423957454,85.00875574961715,82.95310586091516,71.60142277669351,7.565828592510951,74.79118362261195,70.57705680916271,38.55697092064452,101.2598362112267,91.85505759200636,115.0478923097754,45.46127250268035,24.533740845435187,25.61510220030479,101.67012741792672
34,42.850646987175374,106.33541880496135,65.3647161630581,32.64071028890581,110.08133029450609,96.78500004255427,93.94217741883894,56.4255747063836,35.34493503809568,52.6084004272695,83.97295887644864,84.02224068456405,79.46802946508282,82.60381122396399,75.55404957819175,108.6229728190209,118.09233647817162,98.96560289220366,6.800994764252059,54.399628351733675,111.86977040539546,23.248694289222662,51.52183077421496,82.84266278589811,23.994557957022625,85.25320019012712,57.85899709955038,89.52875119318679,120.0,57.4246185751835,58.20125434196407,95.66389687155707,98.92601863865669,25.69329806362395,89.97703692663086,72.0445870235033,54.069289558880655,93.59847901356895,81.29430655738624,73.32819039362914,100.50965130508683,83.29903905159993,73.2597241746114,64.71060950411749,97.90264035188007,60.93469624632278,54.679205924556,35.64784722836743,93.32479075553296,67.99949675068343,94.51132274265737,28.49542701704357,26.642112843424403,101.84056971742548,86.34073949062049,26.906867553683036,100.78500613526269,63.571332027434565,118.41794521510582,59.99797690423359,28.006527235915033,71.71760329795816,108.71098016019779,67.02701383983725,112.56264055225624,82.97725800960188,56.08680797770512,87.009535467413,67.91079013391048,54.76107875067557,59.331876049236136,63.843419759388034,119.94208119105895,46.114410670612706,88.63188763506349,91.15022205070319,90.76626926992206,75.05745565410118,40.78145312014498,71.0767656099176,31.364237287143272,55.171709373004255
35,82.11489132252092,83.81356309666494,72.50837248891925,38.24456750580858,80.71485051731165,91.46985412377609,99.13390094499859,77.21931224252081,39.103009271091196,69.06887807785677,90.37124697977652,85.2001353408929,21.90778909033406,80.22265933199454,86.9069696655333,106.72557454346696,102.25602801917962,77.88195704713809,50.25471976148204,51.736950408294646,109.42353030379462,23.721239916644112,51.57016805133364,70.19167246882768,94.17022496302052,48.77630440644052,40.52497104048347,102.94841466677534,102.81824440311884,63.09497277519467,49.853783560604256,52.23610148466969,83.18936894910915,76.02365625257436,99.76567489627264,61.34351532558539,66.49292675598986,104.84503139883249,85.8494070534486,55.01444394875739,100.37258118660239,66.13496408988901,84.14637187467511,73.63720044779511,93.93935062371837,69.99487475010886,61.51411018230572,75.52405906685672,96.59907594764283,58.68946112435617,48.739068305011315,98.9302010320615,20.011162965140258,103.91313636030642,71.11062208210677,25.287205478556995,71.13632471053863,79.1047544479973,83.50659292329216,49.52721324852672,73.80640894104955,88.23959229361053,39.58835655446412,101.7620325030786,96.18075699782457,81.89563946144594,100.4646140662944,71.8243314264685,46.432242581795045,61.573858012690586,33.1673581236548,55.0804741295518,85.56644095731983,100.89068070222505,60.19411800980841,74.5725548143585,79.53577634852327,86.8177602398975,75.35750419778654,73.25954153801948,32.49836966725386,61.76437518435244
36,90.38933944962874,85.08576260251884,101.63124568286263,71.54426299330852,50.09200650830484,50.696369309589464,98.56101345378694,39.70180991753596,72.81727559708771,58.34392154394,83.8823564101398,49.7190709675689,82.4234648784951,62.01824302573504,101.09385765949752,98.09433302681826,73.12717821329375,91.63308804860097,25.886495521886715,93.45063430101612,109.9497096418352,29.858561246548998,37.82531328231842,45.86944347804697,48.534893988550834,69.16167365997757,94.47147712090877,97.47813050415907,117.65906796603836,69.45115773742386,42.61236112957145,11.671174295546841,100.3365602262355,75.71916653769397,95.45357714004383,93.31345911026159,63.442543823222884,95.7853043022313,66.1205210867444,86.85512980513755,103.18649255414952,89.97832903879052,66.76099954057995,61.31322367236673,65.23230374967146,54.915480407770175,82.61725902539732,79.95338787538557,100.67743506944824,41.28323540612052,80.32089846620673,69.50039732194475,22.509364642931846,91.11686490683194,98.66791024325175,52.840762780974515,44.09327796632323,66.25993870792591,108.01148342981602,36.858548814881,80.62960879412209,99.03874117003701,98.02993140525686,25.0267198254528,110.49859392486536,80.91785606538484,60.630349129807215,106.21828635885575,46.32577773778336,61.62636609027898,55.69259963142642,54.63906512565908,49.86755592618923,120.0,99.82774514567855,101.4199639835491,103.96561317752774,82.23589423011231,75.17833536867434,22.0973304188207,38.99883742528681,20.276280250350492
37,67.27429211306261,88.80195664383649,83.78417368206473,69.91232641250345,95.48058465043968,65.36241060999568,77.38425588809746,33.5476275964136,48.91791882999727,88.5079302017857,112.32173386045744,85.23018525675543,78.15122656853474,70.56611039708936,32.7572672889664,106.9562183587003,54.899434883283604,89.28280454868158,83.99111151915645,57.32965626652698,107.21558324765228,22.32519117599878,110.30861489709586,93.8995593337723,11.259931036445137,66.93358665134872,68.80327581951259,63.00547376773201,96.78955849409333,60.07174594042216,72.40687395180906,39.7053707182593,64.84192616151383,73.58933467753734,101.94989584277882,61.42931934613596,78.00553336154351,54.861402444807496,87.28363557220965,62.33203669355381,112.48642346352595,84.75969838277952,80.2138436989871,88.06295974413655,40.88238924534532,78.38560886548476,56.06386579855736,72.7386249158344,108.57483551053603,81.60125101826803,66.75342464597405,79.78939158679538,17.78403052707436,50.81382351719413,60.6850021859931,79.09572857670295,68.06789488314978,97.16296346457591,99.60116525851438,54.26954379385566,18.80438473963143,107.65817918228484,85.77885163450105,93.42194997656048,92.05752728417642,79.00956338899016,76.44178803911139,100.92697383097094,47.477981521352085,61.80564630067901,50.55036020183953,53.076158351426905,65.84194526907261,98.8791464855475,73.23198683813078,118.32438760673985,69.14128476218856,87.87763897713309,75.33907904636483,64.62371743397472,13.894749938961104,41.5671553965071
38,110.19798459108556,21.495536432992047,92.83898097492427,61.822783999033255,96.79782645947623,66.69850184660626,98.14838569588235,74.38946436943102,38.01482473770069,40.21997286286612,120.0,46.27402176829192,106.96424679278665,40.18410942453479,83.95336004438889,120.0,120.0,103.89717746471376,20.654530513206044,79.10966625260197,52.23544382223966,26.103181947238543,111.06597366863677,86.6664764525435,14.403733590105944,47.53566019699981,62.96973385618962,111.44252542371689,76.91589681180744,49.83255865050228,106.39921935009997,43.607276303636176,35.200708671250226,92.63489910084672,80.64630510095384,71.64129010316154,72.0377427195492,85.90152701534049,68.38961298793012,57.2289675509859,114.23954948984893,82.14703050857973,84.98916946452132,77.10414298279355,38.58083872722781,62.45466961204476,49.33154760104662,85.15629008028088,104.29291912215164,75.21192595391395,89.97180890333429,28.755740768974107,24.508538306764954,118.66838036211152,35.5112565372816,102.43664800303549,37.682664203227574,100.86321265748424,104.57355916112056,18.568701490989927,25.91771054509439,94.09364828569929,108.08706189674889,87.44073926465764,82.83138338833731,114.06075512847254,105.18330899079437,94.3174137058491,27.853213341227693,52.172968982508685,31.279312061943294,51.246832350088106,100.80192921676901,92.14502135081968,71.57879129151002,105.06530146426188,97.51441727640704,67.11342170657228,59.72327269112045,43.29274372087408,31.259448125662143,68.45260372359212
39,55.92404259169982,21.84826322068549,94.01107781003887,61.26175183260772,106.21767739148389,108.92501705779308,99.8121700956911,97.57548273259886,35.98155876445839,38.329830475263016,118.2542358290511,54.85076980818952,27.07419927616499,97.22600303783072,80.70792007644346,114.69606019997791,115.48112959203561,95.81378531655268,19.27658631781129,72.35736322893607,52.968077468550675,51.406997876135854,72.85312379196377,26.00597333617365,31.83971155796096,101.44473572873065,57.472351179367145,101.38410440580382,119.99999999999999,50.0068166321539,60.306903642584054,45.55040266265065,110.70942933371188,29.7541172581257,84.53801992141648,84.93160006703089,86.2027104823264,90.79410414279411,73.42114129772123,63.56342130766451,86.27931405771342,99.37812414909209,73.32085032512978,83.24304471988488,40.3239027929859,65.30256182655833,43.911953915215804,78.29708120523647,108.64662646504485,56.35396426135912,112.1639095335995,34.18073911227641,14.320371763599825,81.2661999195711,40.09114539244574,108.69730074073728,42.54259963345007,114.24193680541221,117.65970663250738,28.557376574342015,84.05458883071874,90.65774081504874,99.99714150811087,54.65014500270179,90.17824405891974,82.90476321015814,95.81075143016882,70.87285452426723,64.70270446652806,54.729892971814856,44.3567902237223,48.19763002955455,80.03435258520865,96.29502376873545,73.77120699226093,103.71341615672762,111.01224590863984,28.874299983553886,82.96995567954298,41.37453711124523,32.01673269673405,70.26760547129547
40,97.2230695781291,104.53569462625839,34.419897567347434,35.51984397709471,105.06349924086985,79.92109787598626,91.31689713431422,34.075324910264875,48.68773213592638,84.02067877621768,34.27658379279368,91.2507296213499,82.70962896193129,91.02946273714005,83.94985906437611,100.75123121003242,104.81045186513109,113.48358579831891,35.425482107434604,53.4554549491414,56.57965159919645,57.494142470745196,51.09080723439879,38.89063467987405,61.26712772336435,48.01571333868687,96.04900440962666,108.91853156120308,106.76818105284622,55.704383607854425,49.29318351046415,49.0155034380877,56.17313446433026,98.14330673655503,119.88457954936595,51.65869539602133,72.12721329732109,31.285566998365372,85.48432958595774,106.28824263066085,113.86267834806644,97.85943374538591,58.934058686139444,76.28569000542416,92.80556381981644,94.10259042274787,50.85234958484887,96.72414269424173,83.16504018580747,40.37765586229539,46.972657430242236,69.69699107236083,80.85988817409087,84.30066288842075,77.7535869119434,66.12159413474546,65.91415533550008,46.08694060877145,62.26618087416711,47.424222696463886,33.97204699083248,89.01512292241125,89.27714406849097,64.94098318760527,109.88019908336106,96.49028105083511,53.098422727220424,52.019110880498744,57.6155043472452,48.18102770354246,45.01797482212673,59.17157739104245,119.94819106416202,119.94819106416202,92.03213144680014,84.27512460715884,94.50450780838291,95.65401308068938,47.44285596803058,68.59948341373402,29.921334782905298,31.57054889229878
