,0,1,2,3,4,5,6,7,8,9,10,11,12,13,14,15,16,17,18,19,20,21,22,23,24,25,26,27,28,29,30,31,32,33,34,35,36,37,38,39,40,41,42,43,44,45,46,47,48,49,50,51,52,53,54,55,56,57,58,59,60,61,62,63,64,65,66,67,68,69
0,49.14115864233721,48.552800175452134,100.72355781521036,66.21833182658013,39.93261588313611,85.64552307726777,91.78601258001632,69.13413950376739,78.60313646090904,87.03142399699773,95.55765376071297,98.02782099509066,77.64582528252224,24.43574667428769,34.179188011559965,92.79661752610012,70.77805514153168,98.20081898629925,80.02038761909662,81.58918604112472,112.36709801756395,58.46009009042823,95.21276923766966,65.99355860199056,59.70708466185314,47.131111641503765,73.12828774899073,55.93577225667567,101.0233191616682,99.74792320513156,83.38955314299308,98.6031449871173,59.30028724641422,82.55982616542306,52.501418675889646,53.70596072506868,66.71464037502686,67.66696777561434,99.82123006551122,65.02995621746615,35.09463439095982,79.26074220808579,49.68977871498822,63.03982760506359,104.90542181287661,108.34600997158061,69.66358529644528,66.78138620754247,48.00057666399977,95.08152245127498,78.59933531046958,36.187832139114,75.38253892494339,79.38395418364271,96.58285411901304,60.683643782686865,63.03470110504969,92.83230919049268,91.52701087508896,89.80791464998079,80.74804609737153,65.36637429932952,27.20987818088031,96.83056139256797,55.94719236645048,73.61352213110696,82.22906820567201,99.03018529544411,54.94564426114035,54.19394816673781
1,98.224140927857,1.3624740141864407,84.24586124911438,37.93962382940053,71.49876568805276,81.32782961095751,107.40130468043141,23.47475221754223,83.52394814752454,92.05651598853257,109.673101603646,109.82964007075124,87.44204197200347,24.19997411667925,13.637343915108001,57.657442798664576,115.63132750683067,77.72829474605138,75.82182019621384,117.3237967204523,100.55818032860277,103.67575957457477,101.79714242760049,45.42403863234202,43.42143073631745,50.59019460697737,66.53325369358507,47.33630894191851,87.33328200180625,100.35001647738335,76.7239792394102,82.32594856855808,103.93046477092358,120.0,45.71744369581152,89.6627840701025,60.974666053431946,46.57108245362249,58.821335715390944,66.25268801164061,76.6495188438227,90.20364481627213,45.88527009046055,29.4123370768352,109.55015378466612,93.03585289586825,65.26322249207503,63.456032005852066,92.44679386967923,40.05137547303452,85.67894329550002,37.9248254506735,93.21506381371555,67.38841397945068,95.83855211209448,38.97982384101594,72.08536553926092,96.9626549045795,64.86605559970614,110.77960983292435,52.79971010674486,107.52678017576825,41.1666340513629,120.0,29.011145437102318,13.316920547951923,65.6180352539777,84.45415635156607,93.05808988133349,97.3750184767055
2,58.013644639632915,40.788533971666695,112.3881398761672,54.081841595703295,50.397990067744544,112.10334755003541,54.2265022990499,92.27693556475477,66.69826040388932,77.8041083267996,106.6435455108985,88.02711016609949,74.55004002755832,65.78790407872258,84.75635858912254,70.03661518061061,80.38669197851004,54.35771580445845,52.36280695773197,74.31190741084386,96.05874843628418,104.26695759854023,77.27055633450681,94.99860332322086,53.58666143769106,54.09064713293597,31.72782573682097,79.35853648820132,81.06008307034622,92.88142934704835,82.02410922792143,65.56706062326317,97.10878124321954,85.38804258427807,85.39974087605619,68.06254130093524,42.49107134218927,65.91761601341292,72.87546110140116,67.86552678172713,63.420200493211844,90.77266418453634,91.30202981588735,31.522035099611486,91.02784684885913,93.25899061018987,48.69623294770398,37.87863508965747,45.873253011584424,108.0071130139658,87.08996092924988,31.84040448904227,85.48296138825611,84.58893740222435,95.23873467601966,98.44091622571662,84.73512775700459,105.91344822659741,53.205426400211444,84.82800444920929,59.37186090872299,57.50521603253759,55.10136385778152,43.953500022911456,37.211419362638914,1.0166766733203054,79.70999633973258,114.36121645090971,93.68765196419469,118.95817532851085
3,84.79867335316892,44.94060666716602,79.33852255312989,37.75881614556949,50.520052641009705,82.84370483230597,101.79962380764997,54.116914064567354,90.90266614253544,80.51772016384048,103.21577748609333,89.14522620062732,88.10169594233606,65.3198828029297,42.697575715368366,30.424493246905826,93.08628513059722,83.75957900819816,66.7883722539668,99.92381184203391,72.48820222804738,60.81255220911827,78.79170641556458,65.59554607525418,102.65723448462201,62.22168991203236,69.43306867536126,68.6734125747582,86.2940435485926,81.86425245141591,87.69721443200126,92.20750147349875,81.26357551973332,114.24745338222687,55.64675739480386,35.160984168567765,55.254291164842485,61.734935890485644,80.29811989685244,85.65745810222097,75.51369374406498,39.556098285635755,52.32404370359585,66.08303435050777,120.0,91.99288878289887,64.53024113329676,86.62759257761142,97.48816928774585,96.99181035327459,38.21735453646938,61.199840042418785,91.99671240965506,62.72587667718131,40.752644115643676,61.19287988770732,96.7713871379926,59.912398872658166,107.68188545069773,70.48640035921633,95.5930294877966,52.36201880393125,49.03626477071091,57.81979424368374,78.0376211743025,90.91299139782788,71.4457183741035,52.102598598227466,69.93813346889226,74.70687797225172
4,62.09465831959166,0.4163945515355049,85.99057378408126,84.4189207490944,56.405852800483494,83.04803863773535,109.6255611574784,24.90830376482379,88.6245721708304,98.42420317281538,116.3705969825998,70.82556195456577,106.8467619543649,35.77494231045939,52.02755193094244,78.24657175164015,69.06992153507433,102.0853591820264,24.795653289857338,119.99999999999997,92.78076668260198,91.84763284346059,90.28585685270188,40.24171551470045,93.10168837184662,44.79971050096113,58.94262923372735,47.328943709045035,87.39717916825315,100.33440264401246,76.71204146929865,82.31313916714318,103.91429384224756,120.0,45.055428254232915,90.09919845840179,61.27144717464559,46.797757218099385,59.68704767039075,65.0891212242296,35.14663077998613,95.21186755328087,66.64086816554538,31.045347977855894,115.63251965962239,98.20132347944754,68.12144238426183,75.72111011530296,64.83003054333952,47.79269230359858,35.654705301372125,45.255112765154564,111.2321065205024,81.15156756582921,114.3626748849006,36.12182414172004,82.32165848772931,95.65831376900422,63.814698547320106,108.76757135306823,51.74211237454056,105.57382132661752,60.35233602606067,54.22274746090849,32.496586268894966,25.82669774833212,73.50148059646078,120.0,104.37831750402427,73.22183439531868
5,99.19846393843895,41.64298130416884,100.88197365239772,28.918429151329185,72.37287530299704,62.60328477347206,76.38199187719616,67.59403402575286,90.89141850539541,60.453645794744695,80.96557796220537,97.3582858074666,108.73703790443507,91.8331841666444,37.36312755599504,69.8892888452202,99.7352419181597,90.68030779993228,71.29432177315907,21.20452794088937,101.95711484532517,59.443308974777686,102.73822960583901,63.87302848842219,90.57040766181689,44.88071834022972,48.53719208358929,57.1755125545726,102.63262613116503,54.53524933843897,99.5488243824457,94.66683300605179,89.44095458732589,100.98755389559301,46.95879836268727,102.08585930986037,46.671833504547884,43.50977358544254,100.80830542973142,46.97787591213749,74.78425198993496,76.29331543218578,44.11057985914689,55.63205706351858,106.48020948885718,91.76449696212225,60.935089204234345,39.004494693912854,86.38506588958286,78.66425002471978,78.96385741424623,34.81868809251033,91.6395565044499,85.07308622274645,81.45100115783158,63.07654466986535,63.66567874341636,55.94456337192343,111.22184027840302,74.90154102311723,96.83717031709357,78.352661596181,29.044889296963017,58.054083123907915,72.22322800643744,102.80348143103966,48.92293412601079,76.87240594594633,83.58671719275847,72.49226087693637
6,107.29831167846969,57.03019730950232,64.68743488856718,60.96615318209539,70.47288092909757,35.62130542768078,85.9237165845871,61.963257558432325,85.8535268567467,74.72423156784026,113.12055579563449,92.6276091202774,77.71081910106889,46.43138693436433,75.95121327063634,82.72553624848028,67.46459924516316,43.930390996460254,88.54486225965128,76.9520110452444,91.82927502579403,42.46840787422886,69.99360368842524,59.99495249820052,105.04844346690979,88.53993689551983,54.12538055092177,77.5751468849,99.50021745383398,70.22317966382288,70.17505737493329,97.2599585479624,83.26644007454746,89.03627305497575,74.6838971016926,117.44055538797983,48.75390226618156,74.18254226903504,40.59537541300053,43.30745450713468,26.384561563127388,73.2353656739325,97.6127514052994,47.774657212871226,90.44852619227427,77.55535478319257,96.9887831693027,74.41213769506426,93.28943927587062,104.14033614889125,69.68196843292561,35.18174730814731,83.02185162807724,52.72702839264571,63.54549111837809,59.5254874740401,96.83498090184152,81.11337796798085,104.31747877181073,70.25494637838456,59.710736027426016,72.24299247851623,44.80245694224225,15.382608248454687,29.4035105149886,85.06579126666406,88.33554775179047,105.9583415746082,88.20658318894846,86.84516051230328
7,54.11612010592907,25.202722739040695,102.5305453172576,68.03731634650607,90.7527511885865,30.152971381884253,111.2075729207958,35.42726608062589,89.59611740919344,78.69699936219378,105.67185613644642,94.63433684553868,101.9734241660018,26.930561343430668,78.60766568290492,55.78330537669445,37.9997037541552,76.74027380613397,89.45099771628966,116.48749232039107,89.34543234572878,101.28422079598099,76.46391164821304,98.57685269877189,55.15639122471325,50.5264946537355,40.6466966328566,72.42592604989994,101.20759507142053,82.8721201049353,84.34392133526329,92.66692525868406,64.48351217979689,101.10555433283386,36.65174927916886,54.02768516905242,48.9502338444512,40.751121146962674,109.94367385179154,96.56998237573951,77.28760099666889,99.83284183585673,47.759822479325734,28.32868439786668,105.88873199203987,89.31054687418805,61.591771424054066,35.35139218651913,66.72505300577141,91.86323279615564,86.90344114165434,47.45182596531952,88.59259849820025,74.97282261301194,84.13963379336771,58.82548380846518,72.92005670633755,88.80464053254236,58.16286912737973,88.64207213707638,106.163402598392,70.48147508980675,38.43449361760661,64.89979251009386,68.03423529024975,48.09961489065862,61.10334828030622,104.50492270914731,85.46849672540748,73.45509597653019
8,61.54342112538584,43.55107293343456,87.75433912490902,57.744713976359826,53.811361366003176,119.69591916750761,57.89917230639998,92.28794798529887,66.66812242374552,77.76895210746703,106.77128867989862,87.98733462649415,74.51635417709589,73.32170510914833,94.46236078839894,22.52033616207476,89.59229521729885,60.562288586768446,58.951872862242425,82.58914127406831,88.29256111165441,94.16261594260818,114.10120161879462,89.56634685104608,48.375330545299065,48.84881029785699,28.653133632740616,78.9860768456969,81.6140919323496,92.27999300431281,82.06109697555259,65.25932959594721,97.79941164614091,92.99095786605518,91.75717047396775,73.00428937521949,74.74068406420093,37.92804147136452,43.869112845700535,73.70974390349157,72.5706914217378,85.52075715291603,49.23971339114375,36.07014585903025,104.16166667843993,106.71472775617019,55.722297740562,39.63615718308878,48.00171554658842,113.01851025466543,91.91767092907206,33.293499366817414,90.40505628432838,60.06969557388645,99.65769486155311,98.43221573091536,84.72763861969462,105.90408728766053,53.200723949710756,84.82050710318683,59.36661345078595,57.54821385804589,67.22375977954025,43.804571977131246,36.68100946416973,1.0132318584575755,79.43991423073474,109.91261543560255,87.36978899837334,118.55510825599056
9,72.58665862801887,99.05533334330447,92.13110095566331,43.610662272860296,58.64478352890441,85.26725609961565,30.704205171633074,54.61927704111251,90.24685080581666,77.58904646968365,104.3176239924869,90.18500471039209,89.04219698050818,59.68678342991666,25.572296108125943,108.81223229917394,84.97486738893073,76.53626488471117,61.929117550211906,64.48843833892967,83.67663455416344,69.1388077271795,89.69185678568944,76.45175758102032,115.64510619096943,42.96308880212589,34.432748358852066,49.551634578640765,91.48806132167545,77.984545328119,82.67593406450831,104.61285144190454,91.68697326515196,103.67674912478346,101.97399370000066,45.67991922610611,50.180618174828346,40.44521278165498,72.91966331169338,73.12384368093312,44.019708796182215,87.99912115549995,60.46426805335904,56.5129066998282,94.75687156610469,93.61837590250396,72.628747826522,82.71820012931232,64.77057053605785,95.29889751233668,78.05269904186079,60.131646813590606,91.5368539304629,63.44979204295185,40.04133999342698,50.11402402676157,91.55930938518343,56.76800963263246,101.92326627300343,106.64875195844152,87.04464804551348,49.941990678464116,45.93605573706286,20.775986289262367,73.43126980378784,84.72440034115225,66.36810500305302,95.26543174080724,87.18649235153083,70.31225873334361
10,72.04272814158861,40.988887043475216,99.29740122489785,28.464201861549,81.03785388071317,84.9866825051111,75.18224534266504,61.309578059516376,82.59459174615286,76.15731426548646,103.67884049973733,91.8918134938468,90.36786193526022,25.936820277067795,25.196877930398085,70.37568839688169,101.94462342314274,92.68910018932398,73.35836082828568,92.49852895490012,96.37733663402193,88.81952764375076,96.37733663402193,61.92365447448834,84.51622207423137,38.55993271832186,45.42598982116377,77.60787198926032,109.35297989697364,55.41972926333848,81.61286272875358,106.29341513945293,67.71314098222112,104.63223340498803,75.45533665888128,61.18955434323988,48.3916601890633,45.10992551005663,104.51571621718814,48.70557367658275,80.51111632758278,82.1357415543098,61.552850590169236,68.57435137472301,94.98655685493893,56.78516651565364,65.45421678262264,41.240999822787245,67.77283587594735,82.59108920867347,75.71732609643462,34.98542487743894,97.94755936801909,89.62338949185741,86.12137525884188,59.961463578953726,61.38730945044831,54.028752455150176,107.23505338508384,96.13061385491044,93.37171075358899,71.8850965218646,25.382330348590703,63.863919913121286,63.478782790707804,88.76316523286295,42.13235873034567,100.00479565867575,96.65947837723743,63.715168948458384
11,62.53264635126567,65.75908093761397,78.8111933862138,76.55632073848115,59.65146484575211,77.8061432432724,60.88315049740087,68.39197950207344,80.80960634011247,86.71762326566122,81.19556313136466,93.72099625060886,95.16423151017932,80.76792759908562,76.56951478848778,79.02231062796156,9.363051365553524,93.56362909605706,70.32283004380463,72.39073647904986,93.33847508216442,68.39721934297881,91.10230309273958,51.16086481717419,75.96391681604844,111.2329341833473,20.804286665547252,55.870848902467685,85.31970591511909,99.37756350766092,75.73508244050447,109.64955498217013,72.0472442520777,89.12830659661138,96.7216312469804,53.00607874523925,84.89980278585818,85.37428580621938,11.298451782078745,67.5714430370127,38.97396830182357,91.44560662609099,75.08970427855141,31.410822108091843,93.72589587164727,107.88584689323004,71.46815592056485,68.9347725525767,66.43513388881024,48.28041694715969,54.871268219268,71.25591482152755,88.20492285346312,73.3688776036025,104.64869311359217,88.32406502974239,89.99363111531035,84.21582965865021,56.937113944229985,109.19907807848693,51.72750889639768,63.60277327718241,12.04464762499309,97.34525650583424,64.02892688957196,41.84676593487769,64.38901890297906,100.30971085079048,90.9698667563832,73.0658065345703
12,65.205584308274,52.83270478088361,64.58081834474274,61.53983678483124,56.43670756360163,119.99999999999999,61.404348217666794,79.52597817092092,77.93941395976867,91.15158827272323,60.911966674682844,109.11510291763942,87.3559500042649,74.00722428170741,37.04250138632628,23.048252892501395,87.52150127822411,116.6226445995489,59.23269793735036,84.52517762434155,106.1429450069467,84.0528162723636,100.18806730969803,46.100326609620915,104.17730647600335,43.494945684710075,27.84359264065735,50.409797345162595,86.87904521912851,105.7868416200301,89.56704944860913,71.27356283713907,94.0837035299306,100.14871972211049,78.5605209489809,52.474622289340694,80.67344789931761,66.26915707899417,46.811434577828486,63.06209748342763,81.92705388115503,74.88402476400044,45.637268317127756,24.417680685003074,82.26161034766797,111.90028532996719,88.97207667507857,37.72101358571473,77.35941713602601,108.77553416480868,87.58069891721317,31.39813031339336,85.61971280803822,57.23579606456039,90.30969701024549,62.95202656318381,104.82175655153124,52.75331309642983,64.52117440754951,119.43535136816955,73.02116618597421,66.4952118271618,25.743189115094783,94.93968151968429,56.305528086970604,0.83833047720115,80.30508746144548,90.80306561081188,94.71707125802045,100.34804647077135
13,60.07168156362868,62.429992309145845,61.131009553026296,73.4029967322212,71.80370713777349,33.1606127042045,120.0,60.91562679007769,39.57888635549956,99.54916835311535,103.505939916737,93.38521590193959,109.06516268263078,75.82893103024932,40.09468739333252,16.271284273116958,91.02009245273409,75.00456337872788,85.56170972890241,98.2187317429368,94.36081680583163,100.56554631576437,97.41890896957555,52.66376046712943,57.97955631491628,53.23665779941877,55.77475332736399,67.05603822003566,97.42313379198157,78.67720338386995,103.31838129135926,84.05780917182761,67.46743414092592,74.65981924526484,46.26316912099731,51.158338000920246,81.65674525516769,67.3398164645249,75.54043965052293,91.38167226260211,31.606064455770237,86.69069568256961,50.12127602507354,38.43123825331905,111.56682095664372,109.12022142936905,82.4636831972548,41.24180522178848,47.64094814253989,96.91181100505655,81.64046163275296,43.666494740780095,95.38131369388869,98.25652422921594,71.26064133397739,62.2836484286993,92.51929427403503,87.36606421146652,50.75892689278057,87.2319791030494,107.27190257888618,56.56818451108295,23.74727281081372,83.98823262217977,63.41271994393497,34.784047741887456,79.79640837676894,118.66512101339971,89.81097309234353,49.79522439867185
14,48.46966290284434,88.73983227478145,92.70771716367727,51.59867386702214,41.30223781599013,87.86643205807412,71.31544391761055,43.96913011483154,98.0729526155948,92.55789287127935,86.47219236276386,93.33887171355303,91.5889603219774,74.73321811334363,78.18512787666991,56.4093728075038,49.90255458244704,76.14825723495234,57.114923103357334,89.50654628172595,89.63697424936927,75.3749349895145,101.02185863805002,80.56381185222355,47.242528211839335,50.86720195734813,67.29269010165518,83.44538052802523,86.46756878084388,88.83228719087555,74.74276869603959,72.57090053158065,91.94109427263508,107.58969364454232,81.32192795754803,59.86631976044688,95.29054081524075,40.324493178594416,69.58099107593475,34.02603356769283,64.6713097590821,60.18179173189191,99.82431700170213,45.234657832381295,105.80132353794569,80.26249247735379,54.02410765964307,36.05112330288407,95.86878080413068,116.22899135730646,89.67726780983702,43.26091836606311,38.466781273490234,59.21387952940787,97.23225755688053,61.27015825216184,99.09446008632969,79.67265373988471,94.96729266382093,66.15082540106157,83.57229139020923,59.272318466531985,40.1119140880216,34.58449177416744,106.65495923995647,0.08333040787695493,63.87529158151326,81.64926073961337,106.00520739921464,111.03554476963625
15,61.87043881283164,51.967253810826115,80.43113332347109,54.450912668160484,71.10609255146198,79.28695792049591,82.88721091275276,26.40913250582538,41.74664567858948,103.27384437491145,120.0,109.09016639638574,105.48021104428804,84.64828848856591,44.86950337242516,16.20107751559448,98.33380452139804,73.50877763961849,64.60245335477235,99.83609510762554,50.50462903161897,120.0,95.28767626576897,50.836667221005264,74.35775179843458,43.53666908713673,77.47660659603548,70.90893477887059,76.79541576885305,84.54568421981556,100.3008018519773,86.37076544651184,79.07839793397166,119.99999999999999,49.295176320173,35.784154693446,66.76667822567225,47.96619717987301,85.81404205801742,82.37375152281831,83.75662292462465,80.27580758668103,42.931721861344215,34.97722011260958,93.9791558528384,100.54682556596762,73.5326460959345,34.376904333351085,53.3498723854271,111.66329092215933,26.40207060955491,35.338417952330396,119.2329144954688,86.34854688799088,109.2879824137175,35.02031885186389,93.63254836301876,107.07446506921052,53.39466668748374,112.71589070998013,85.86165532100931,56.30045499743362,21.871410014956165,47.74398624244667,88.08771865962817,1.8624640443328908,62.15546321677353,116.31704749052805,107.98624638508291,97.97566394625166
16,65.08858322131094,57.61473057063937,55.9721546283557,92.75412672996534,65.74418168766628,67.44172839463366,77.38449476742875,62.03708025608971,38.9944061409147,101.43998078363241,115.05606932263687,77.39941694001014,111.07304655671618,76.78507248209198,51.32039752072617,13.199520061733345,90.68159872903585,65.51249261809427,85.89713853412675,98.60378005419156,106.42507248500677,91.07986216216626,91.63093863064864,49.62807614332781,72.69587114959208,41.494303535599855,59.045875893658604,43.2115975775395,96.38668145332429,76.11260929275103,102.2608030948998,83.08556800514931,96.94274057633609,115.49710259657161,47.454237382936974,32.38005232263505,83.32229687983865,69.01315507412117,77.30815427284124,63.02500147105532,31.119398167034984,84.79984798854035,71.37921262791258,37.59299814395298,113.57569120687884,101.09476781832078,70.43808404735947,45.28805688198651,52.67708208713113,106.41987143217,36.16146027479141,46.40107336239362,104.73921635625497,107.3672826673476,76.9459569379247,62.958739365546144,93.31365162751351,57.59456586708928,51.30910165572202,112.80338659051844,108.33276510411314,57.68778978949751,57.27471477332721,73.237480969063,30.255327337826888,31.464786655371462,69.1455369171132,113.1337571069713,100.02905240544959,69.4593438348774
17,79.72033373230326,41.76097597526828,94.25770250745232,62.0451910670592,37.41602535028133,80.63702812116777,86.16274324646778,68.72289950111681,78.13557073609424,86.51372314338028,97.85834601480995,97.58550654263676,77.18395406196196,30.815927620342418,89.4762837723635,84.91819539286467,75.50191717436492,72.9710629166483,43.19790084983249,85.11871227358368,94.61994316610728,61.70830745520955,100.5030753235536,68.595766953952,59.76676999679649,49.74985709705423,77.05628000732685,60.096383726646835,87.52628175573551,102.09820938793031,84.63138391417776,98.99969950466351,64.64804171084613,83.8617251837898,52.68199587900136,77.95596027676957,67.76667414070978,38.229417001064185,101.8376859233098,65.66654159535547,76.08916349776143,32.981630778356134,52.67952149316806,61.90102084674096,111.81988894829709,106.00788805717833,68.52088637849796,44.40514151227827,46.19966439586978,108.8561953487252,88.93796647211738,61.114027189578955,72.64677998556746,69.88607069899211,83.95415439687083,62.30878002786795,65.00775238172027,95.27276625221667,93.91986525261093,80.58553161790074,82.859098493086,64.04620597459741,59.744577915200054,100.25043640406231,31.95396833454799,81.45022410535533,70.08447069311453,80.9262934591557,58.91588067677561,60.674148411788465
18,53.816958684538875,42.0889799301595,82.77323771093714,50.08098921791917,50.39165918747861,113.36610040640565,89.48207486256103,70.98715987423235,62.00125415090251,81.84743901510441,111.66205573549364,97.30366384026188,82.19842738400517,74.93899641915827,83.90142617302419,23.09836987605194,87.71181130564085,68.2789281604201,59.361495732221236,84.70897233348346,99.81999463497577,81.11446092921886,107.54513907984403,92.19212618031682,49.73971843086128,52.09541511359856,29.493145631184696,45.0012059742458,93.9940800760731,96.02076109049602,95.42729150859701,67.90475694732142,99.65190440326664,97.30682146719333,76.32384045812701,74.42971195810917,80.69294485282151,36.2466218503501,45.90070888058288,77.099350532816,80.25204569862896,32.217175987855136,93.07390953280948,35.32469373458968,102.22307383594391,97.81201914027939,69.0970820698935,36.502051451803105,51.091897652120274,110.39724115078741,88.41283315739348,35.3165637665265,92.15893445278519,56.063487944647456,106.05699042393657,51.10354161287089,85.17681629894305,109.29053228221022,96.1056573043916,85.1759766668428,59.10912365462263,58.03835218011886,54.261129516553936,34.129755571272746,29.60787989039293,84.69398662994779,64.12166604477467,88.71837399772411,92.40338344331647,96.06382490601739
19,98.79589549019151,1.399052129121637,58.8675764545156,55.72328047563654,73.41828124712482,83.51122442653934,110.28468977687058,22.39016398877742,88.50496333469106,87.38807861657313,119.99999999999999,104.70917687841084,83.00761718154757,21.550341827472046,64.85955663153666,51.34458389163107,102.97096276723263,69.21789723276622,67.57853252277395,104.4781251265874,44.46917183103077,111.14809238563201,82.5846280942128,51.683675482959416,111.36395603749413,37.75428705419964,72.99618911447122,45.842814183606556,84.49058156930694,95.60347571266864,74.30328224397077,96.44464013845963,101.31520615198741,119.99999999999997,48.939141680409946,92.10273934900098,52.162431638749,47.442816248518895,62.28284163949089,65.0700294438303,35.69389023522084,93.24661903789362,47.32551324657112,30.10085099431424,118.58239014198962,117.73903708903046,67.31169925498013,34.70869907382042,91.25284980078256,98.86431575724734,83.96792808028259,37.16515745565307,50.63769310564673,87.08874788068097,92.31460884588626,37.13808030109295,68.67264843835153,48.71511712265232,90.66910376885915,104.5246911080134,91.42082197445612,102.85953728657452,50.39014088311262,105.80122238214369,74.36468460383898,1.5692439997498582,52.51691395317544,99.56486704833553,97.72349855164791,62.06942857799603
20,58.28784082091649,4.391375737876356,67.86020363173489,98.79672384355527,37.56213491830677,95.10172104761021,120.0,49.30317292449335,117.5803843087924,102.00694992219347,53.002523734103676,65.06604040915003,119.04092870126712,43.424479971334776,53.75434336220248,54.79316754271878,32.782899701311386,71.10580258134429,114.39543709077844,111.7438697503098,59.083529563503205,97.48210757460765,89.2523334312135,55.26517701621267,120.0,82.929585729255,7.987266685207997,61.93277015805023,88.00912627608618,84.13426442650119,105.13963489969014,93.55465593156367,65.2295483081086,97.22737559388429,33.09812376042039,55.85403958761816,89.31006379107264,41.58072514676129,114.54843893941745,56.38123318082578,92.53462012338687,99.95273200919513,83.71389057567232,85.58675505255306,36.1773636616362,41.09961022483439,70.935028352722,36.69737284525937,26.585793089694953,45.544102777110396,101.09083889005316,72.09751183562666,113.16602911912467,66.55117302165155,114.26717842147923,51.51425343016097,70.89582012575264,42.99327230159749,87.54326936831713,120.0,120.0,51.053384774171725,53.89305811994437,65.02819769559879,38.79937407223211,13.796555166784588,66.53403445548591,119.99999999999997,93.89683655134425,92.05194393860998
21,59.31732228569526,22.982884703957165,94.70113938105676,86.36168702096299,83.82271754169746,63.09817397194784,71.71607509468257,36.12331234820147,89.87781178111139,80.24317434930092,117.59038251222415,78.1884034893224,103.97691551983966,28.173273957631405,80.23980982239817,56.941543497126695,38.7886979730525,67.64224932322959,91.30828377644825,118.90614165011336,101.55904944296267,96.04261144312241,72.50679027924133,93.47535367927459,69.8272417036087,39.73254315919238,38.85641029259791,50.47921301435398,106.9214133025516,85.51203887469812,89.15246266055107,97.81085188918064,68.12402025866466,107.67610414668871,38.80777914390419,34.36697221696709,51.82971894761919,43.14829552314545,116.4110826092204,95.760047412455,73.74995324271124,95.02136695682987,66.10507619351363,26.963374637774688,104.88900269544122,84.64788944005639,58.62333683367299,37.95526226342548,71.79410085460498,98.62958365961636,27.430508455541556,74.24033060622816,95.11804493741604,80.49508007753337,90.33708914563404,59.520968294144915,73.57108109138365,58.17480676455766,58.85051962342023,114.63642109870723,107.41855588696603,71.82764724082027,37.26834449168842,62.55617013043789,65.50058166116891,46.13610887241536,59.72437934819232,100.68581442052398,101.32607146593226,70.80252960964083
22,65.21051717581942,56.94886913569369,56.07701028534533,92.79872565363452,65.86734381015164,67.56807062294862,77.52946331640683,62.08938666723281,38.89139000182497,101.46734314297206,115.15307856358851,77.23210410253094,111.16669752185072,78.04099914986479,40.91024651789533,16.60225566159828,92.87151646285673,66.05629445687714,87.30210571698049,100.21658203392721,106.96728373240597,95.07709384426725,92.10218697787286,49.789589770670545,73.29700456546723,41.705707460959346,53.06113364835684,45.995181096312315,102.62936948229543,80.95187251440692,108.88394108126825,88.46678118673587,71.07285463898117,79.39609516248363,48.8333954122856,32.43049693427969,86.1933197593256,71.08099049164305,79.73721275825041,90.328489481732,30.202402653572207,82.30105030195173,69.27588089305796,36.48524501676891,110.22895555614036,103.21838996134588,78.28807561716303,44.07114418905197,51.05300120700334,103.56031636970097,25.886530384937576,68.35752220464387,101.92482133453697,104.99728184868887,76.14938246143636,63.011413994938465,93.391722790727,57.07732144474845,51.3520295786983,112.90611546073703,108.52534226797644,57.73605446217434,23.087681009651114,80.84167327894217,60.957286567723436,33.245838612268514,77.66545516655124,114.17243080289889,106.09995279573629,47.929681766228406
23,65.18377367368824,52.774893919920764,64.5592166883032,61.519252307185326,56.417830033111684,119.99999999999997,61.545033377790794,70.58869194299749,69.18042894611727,80.90779305938706,111.03526987132913,96.74910007678511,77.53871610338392,70.99428212145125,91.21305034708203,21.882494640758647,83.09474872583444,78.32868236202614,56.23676558987437,80.24997621297317,90.50882019396431,87.93123693758751,104.81101140479717,48.227518384099426,105.89112471488244,45.501918248600674,29.128370116068467,50.58905702145357,89.45253375856701,101.14281730048496,89.94247039537366,71.52701507212443,95.34610645199636,101.05775489369208,79.27360322141088,77.30627046850574,81.40570889832712,37.64748080591658,47.67467886232873,63.63450284981881,84.54000076893209,34.0453654640095,50.97529103595636,25.196447889852955,107.68496510539346,115.46918581451834,92.08874392133737,38.40006602643433,78.75203880828029,109.6244912271391,89.15732376650367,31.963358418276957,87.69013391876013,57.98527963582699,82.42730819877852,63.288099067880026,105.7216668218321,53.00271233813844,64.82620798794241,119.99999999999997,73.36638475911236,63.794929025094625,57.17941939163815,96.94629488766246,31.13529831411132,0.8564162515414704,67.27813027478639,92.90168812079372,96.76045584624124,100.94229691322525
24,61.62824742373962,43.611100085626056,87.61691978205518,57.82430445486334,53.3404525763837,119.99999999999999,57.97897567733208,70.60923184351797,69.2005590702123,80.83257980692619,111.06757891877915,96.7856295630546,77.50442079750977,73.23835928701234,95.27729659502722,22.574184239997546,85.72131276200122,65.97390921947884,56.428318819112974,82.78661907736999,95.81424777910523,93.08557227246959,110.12082946080727,88.54187587636379,47.82200751966824,48.29007155214102,28.32539553944478,81.36688946413416,83.29614001706005,94.18186291200794,83.75235773369938,66.6043097060897,88.79844016700876,97.79368587303009,76.71314150619217,74.80935172333267,78.6008354687348,36.43150311144052,46.13483224186667,77.51665007540306,82.58148424508154,33.15232886714477,49.79435953732901,36.42633577548959,105.19025512655597,112.89988884821325,89.95534760018592,39.59369484190203,48.09350766863538,113.0320622328666,91.92869271895344,33.18960259412997,90.41589669754283,60.076898493152804,99.66964475281694,55.402027389799215,92.54812148293789,118.74866774886077,57.890795681366654,92.56433686188423,64.22449904136526,62.62155179378607,63.981643025651785,41.69193297613336,34.91193085679436,0.964364969806122,75.60862782694579,104.61166926513972,108.95682317171507,113.27300790781378
25,61.62824742373962,43.611100085626056,87.61691978205518,57.82430445486334,53.3404525763837,120.0,57.97897567733208,70.60923184351797,69.2005590702123,80.83257980692619,111.06757891877915,96.7856295630546,77.50442079750977,73.17687537601334,94.01723376110688,22.555233117277165,85.64934935899922,65.91852384489924,57.96566517963109,82.71711936207306,95.31620784568207,92.6017159223773,112.20978679208996,88.0816375403254,47.573429985602885,48.03906103357728,28.17816088034509,81.36688946413416,83.29614001706005,94.18186291200793,83.75235773369937,66.6043097060897,88.79844016700876,97.79368587303011,76.71314150619217,74.80935172333268,78.60083546873481,36.43150311144053,46.134832241866675,77.51665007540308,82.58148424508154,33.15232886714477,49.794359537329015,36.42633577548959,105.19025512655597,112.89988884821325,89.95534760018592,39.59369484190203,48.09350766863538,113.0320622328666,91.92869271895344,33.18960259412997,90.41589669754283,60.076898493152804,99.66964475281694,55.4020273897992,92.54812148293787,118.74866774886074,57.89079568136664,92.56433686188421,64.22449904136525,62.62155179378606,63.981643025651785,41.69193297613336,34.911930856794356,0.9643649698061221,75.60862782694579,104.61166926513972,108.95682317171507,113.27300790781378
26,55.83594188865938,48.95672484492121,77.32331267640691,75.91007150711017,50.72052901778142,74.6773649269067,98.5760551382142,24.06562491274869,85.28299874718479,94.71313643918067,98.54535492048007,87.91746322112819,115.47542175927757,38.427928955375016,53.351109658160794,27.437431992468095,112.67472052843709,104.68236520992053,25.426443655638508,120.0,97.24906797334846,106.9616811234185,79.29162769454038,39.26068557791506,91.75349716893193,46.957254692650274,50.52618576919543,43.960871582373194,82.60080072469258,85.04667932028525,110.64805256192508,77.79577407503847,97.94782173568541,98.2120134143584,63.801283757230635,73.74019739682913,77.57999312999303,34.40742790934381,70.80062998613376,69.45845440611126,43.1426094049542,42.21770003882263,81.80189343526901,38.10827074816558,113.72115459009852,107.38037416781106,83.62799761487898,80.74500517584066,51.64586085278693,51.774896788663675,40.0267061349496,48.25766961011805,118.64352757900384,86.53575909218226,98.37057476645496,37.35240926117626,85.12616269954603,98.91716628471787,59.37861865901201,85.20847265129514,103.4986513536229,74.5185190906297,56.51477233493044,50.5064862007561,63.68993403943708,24.184481322807233,70.36300275256309,112.36967989545963,97.80569268437718,68.5659507696693
27,62.16502047352381,0.0,86.08801343755626,84.38527074869106,56.46976872183368,83.14214397685029,109.74978264154488,24.92932286188235,88.56334996441541,98.44904373095916,116.46879736171171,70.6525605217452,106.93692555928622,36.49867368855663,41.602927961514915,81.37317093231657,71.18820489510016,103.61213578236533,27.724886740146403,119.99999999999997,93.2558839456757,95.86926543280114,90.75263042177075,40.355989997377364,93.81039542878531,45.0291235204992,52.926711253090545,49.31615723386678,103.63949098687236,104.48639875407245,79.95849392082826,85.79662998975695,74.80282911460314,82.922976746086,46.40309086810547,91.93405468262829,63.55003543113615,48.24326618470922,61.6468477323245,93.29972835501037,34.46327621309281,93.36066693828404,65.3451723736007,30.441734491992523,113.38428110482525,96.4753008486083,76.52956802959633,73.73968789602905,62.93043690161498,46.54208329502656,25.661903736324525,66.66700588523152,108.32145495952079,79.52957971993126,112.60784760632134,36.15207088672977,82.39059083741594,95.17250905226348,63.868134024644306,108.86700683865638,51.88746439816782,105.66222396212231,26.556941069899196,58.09328296176233,65.74248077556464,27.532494516847024,83.3801661620126,119.99999999999997,111.8290646966113,50.865569817302884
28,62.24579219685092,76.50366594353638,66.78391374997746,58.15202968867365,65.01428788391851,85.5802338026379,67.72007673440513,70.03348697935614,81.97084914152039,88.54103998477352,82.90286715742064,88.60630952970249,93.94544720722676,81.15532416872256,97.75917075713934,85.88546953245586,9.45129356191857,63.69451756421108,70.98124052227884,73.07298389327379,98.76197449143899,108.53587618211937,77.73392756122745,59.17937569606298,87.86984326137336,54.425172383738264,25.493830424039594,54.35889368705216,118.9879173908566,52.40386521886695,80.29188376869674,106.33254907586094,85.62489085866662,93.6419283015378,79.78814942500544,77.46310433276156,86.7627437325834,40.97372372091273,38.34854459760084,71.02180588959823,39.3257573102744,91.70201053955617,48.47947538251698,36.01775604544671,90.16078464119737,107.54478936497071,96.76942671603769,70.51717199811786,54.586346674452,115.38139774279176,67.93552330182763,39.23262537979716,92.65216617364992,37.25572510488993,98.43904362447381,93.68827750041788,98.48717706693274,56.96081051474571,60.08134729985086,98.13020386029922,70.13394306964449,66.51824068810912,14.411455493000208,12.217462396194618,47.32085637942481,89.78811342243188,75.00697391493308,105.10165498122593,106.86427964415437,93.28920376863512
29,84.55398213391018,1.44726014708677,83.92932623181993,57.64916612264323,77.51272120101108,86.38882314044322,90.51872102308559,26.28947472419707,39.625044383155966,100.35630181366109,117.3909864730634,107.43572628391466,114.9024663220078,79.60829033024922,74.25621321076179,47.40903664551935,95.8313677287958,87.30459172383914,27.36985921715706,70.22064114367774,101.94669736654703,104.00594480047207,70.33800974433792,79.65616167319673,85.46414153563987,41.30957111662638,29.279473763179947,51.56812885199039,95.19892327915078,79.5608000647823,89.20436492851512,110.37912072679893,72.0886621487625,120.0,46.04256967492711,100.67056623467424,69.66129655818273,39.14808063881995,41.63675767736033,70.84072921603567,35.629623600957586,74.8026988603243,60.63047799141621,36.513423064725615,118.52285725208003,94.57621745971774,89.3247017707785,68.40181948046215,82.73246322118565,54.99420017053898,72.95357826199776,49.76401775148549,102.6768688710995,62.6978590756416,81.77919316758886,39.00439302327901,100.66744017722473,82.68118891696341,95.98325277803721,64.00501902933834,96.01502398329316,65.64368209186414,70.5321845780624,62.56437356694879,71.4696054239693,1.5094692775571301,50.71494069575781,95.77230052017366,91.42082655431079,100.01629938322013
30,48.37010484418416,22.490254394381004,92.3551132896572,87.54405046096008,49.50113490780329,97.6569668975311,84.0823752054832,92.04676131884713,36.72577425042587,91.6319951534192,72.74012191313203,99.28857847595256,113.56676888822324,81.39874554434031,55.1593947016717,53.6900904406612,63.848232209782694,63.11928569675962,81.231040777648,83.55321062913644,96.99883109504887,78.06925497364422,90.12061414345412,45.76812295468557,101.33092248794364,58.51623654557288,41.196017799650754,68.0104477134357,120.0,50.81672129143216,91.11826564751014,95.83164840084176,72.2229169467802,88.42497102608559,120.0,88.07771280269961,58.768347440365154,37.65130141879258,35.134557033826205,59.943110278230876,32.042762549693265,78.55386539618065,64.59006275585574,47.49780109812907,106.96778242284947,92.33938291227028,88.00834286502149,89.5031775609909,107.5048397736583,67.24322000136529,86.08667607059621,56.1330777467514,72.89219446030164,62.273968163371336,34.36284622296493,90.34227944999684,71.82334580979915,79.7355063505503,46.86286610764944,97.08510309476232,84.48717518093208,73.66372400630989,40.03472549446425,55.65866901389806,68.15288539438471,48.49438735637751,68.51383951413305,65.19813670948729,96.57878651725308,101.36857000000211
31,61.55722287023197,43.8630502106283,87.76922297129373,57.75766382207754,53.27897943725505,119.86170389752742,57.91215679098602,70.63141661201762,69.22230124673705,80.85797665693329,110.94349479966414,96.81603871395298,77.52877197069492,25.224678970524618,78.17380499877206,22.4170990397685,85.58419910172992,65.51482176677382,88.98951141713536,116.09588470529572,99.92605493749586,97.08028006681809,79.38272536214397,92.34159384612865,50.087629119083545,50.36240908533398,42.81930758299587,70.04124161813613,80.46649303448972,91.57155706872177,80.90721261297979,89.23162071073807,85.78187495493452,92.12063798208526,34.70966823366127,70.14965057966323,74.183150305274,38.4139451688022,105.44185361440958,72.98109411610443,78.69141090156471,33.68642423505787,48.322495881336366,37.06169973055707,106.86878452449616,113.9646256803058,91.40455904668211,34.43890025080437,64.66689632257665,110.36948371778209,89.76322429063242,32.40778970807234,88.2860636288246,58.74581129810767,97.32183078319981,57.736801036448675,96.44832018081192,92.25317560321064,60.330451963066366,96.46521891452375,66.9310726975245,73.83495960441411,66.24821552190886,43.29996112469546,36.14869844401486,0.9985279423956194,63.22779762414797,108.31757491449675,110.25908553834799,115.50013888999247
32,79.85835750979123,30.273606011393248,94.42089555429908,61.08759938340369,37.48080557529611,80.5066616746813,98.37207429113532,69.91163388378457,79.48712080335899,87.77160974372465,89.08956585215205,101.24304141284935,78.49702830413035,44.1657923300879,28.39292826671579,88.75263970421427,78.47053606305768,108.32341451054236,45.4292404179007,88.46544870748127,112.32675755505541,57.58397070535867,95.1788177817763,64.96183308314451,61.798595714296944,47.17588372093617,72.97414143943205,61.00651309689129,98.75230428963523,61.40325696207797,77.02120638187344,100.52222932065519,99.2944899488669,83.55215691185778,52.73870796399849,53.180483162767366,67.20712169454285,67.47030940613374,101.02103486575952,62.830185994940244,68.43690970905725,87.52188626082446,43.679303597110184,55.58775746850096,79.21920654303993,95.21016999462347,80.34476642684378,55.070153250045955,63.60189547665572,100.43519376263716,82.85706894942456,56.386309871818604,66.53075742145303,64.74313667935184,86.3754845886131,67.45670732952857,69.98221462900952,60.749364078061305,65.40792098970847,87.32059591815297,89.76055117138019,103.32264588415897,36.490609455854596,20.244582171935285,78.47790746501106,82.32865020010807,86.81071530047662,81.65477271412554,94.88309192004947,63.109670772439394
33,67.3499553915038,3.6620847963017304,65.39340612908852,43.44832881487744,81.88014450119755,100.266080367031,120.0,24.40832078451874,97.04439296798405,95.27022933597827,84.62875357972811,114.15364032155105,90.4946630102398,24.19756715576663,13.635987527138438,57.634106383463504,115.61982666454708,77.72056378872239,75.87982093738336,117.3121275429786,110.5410940368981,79.76599364561783,111.31118682735841,51.759514123266584,47.709224203226725,37.809686244934454,73.10330091869791,45.45718835900038,103.80008162314084,97.5775816346498,72.15401726204693,79.0987774158966,99.91235370526542,119.49030835287061,90.01896107750198,85.41765305215795,36.54461334882903,44.56682214254747,56.558512636168146,55.40312938992489,71.98044945151302,91.04957306669563,46.28704019100841,29.547973817859415,115.98031340623223,89.13493722696303,66.01971283972824,35.3537729671162,92.89202898350021,105.85372662860577,85.47044453666771,37.83275690659327,51.54730034071754,78.54818811029378,88.50178152650552,40.41157719505181,74.39517746431562,71.96422556483434,71.94336155747826,119.99999999999997,54.31342642758483,110.97223179073515,35.95215103507209,117.4740297696564,95.78541137577953,0.7340270382390485,57.30634938800852,73.68361945322812,78.2345982468226,84.82981369319369
34,98.79589549019151,1.399052129121637,58.8675764545156,55.72328047563654,73.41828124712482,83.51122442653934,110.28468977687058,22.39016398877742,88.50496333469106,87.38807861657311,119.99999999999999,104.70917687841084,83.00761718154757,21.55034182747205,64.85955663153666,51.34458389163107,102.97096276723263,69.21789723276622,67.57853252277395,104.4781251265874,44.46917183103077,111.14809238563201,82.5846280942128,51.683675482959416,111.36395603749413,37.75428705419964,72.99618911447122,45.842814183606556,84.49058156930694,95.60347571266864,74.30328224397077,96.44464013845963,101.31520615198741,119.99999999999997,48.939141680409946,92.10273934900098,52.162431638749005,47.442816248518895,62.28284163949089,65.0700294438303,35.69389023522084,93.24661903789362,47.32551324657112,30.10085099431424,118.58239014198962,117.73903708903046,67.31169925498013,34.50588813496299,90.71963833981276,98.28662874409886,83.47728409815996,36.94799286356237,50.341805378524256,86.57986822823322,95.14089421264558,37.13808030109295,68.67264843835153,48.71511712265232,90.66910376885916,104.5246911080134,91.42082197445612,102.85953728657452,50.39014088311261,105.80122238214366,74.36468460383897,1.5692439997498577,52.516913953175425,99.5648670483355,97.72349855164788,62.069428577996014
35,71.14107514840614,78.84396540206312,51.220912708550784,58.65193957992606,59.53426343816352,89.57498297508809,73.03286074780226,75.43951096320187,71.00675991522036,85.02116894195508,97.03510861852037,88.82773481933562,88.66971674176663,60.66689914516494,94.40102724604219,87.53877354714182,6.754506620383535,85.34787749345871,80.51453472925994,66.77638121854893,45.15630610700424,103.32081901570893,80.7338630825836,102.62917245507258,98.69465709902371,51.97729009170256,29.48789214890441,60.98457630937029,84.28257728035335,76.72586612437874,84.26070205794865,90.60624290302658,101.14003532492237,65.66347258734068,72.89805825552719,47.455225136035814,87.6512252834976,80.44143091157915,67.31607476714838,66.57451305887118,67.81027506082113,84.08879800979666,64.46605897249316,32.79915603363921,92.98680963436898,82.55514971156451,85.29375257731638,86.74111469481252,65.55924549230322,70.8386051493179,74.37749470627259,40.682374052782315,74.48718855548205,51.7628792762558,111.55109807277363,74.35811363604006,77.29615548574974,100.32581720963384,52.12780838398804,77.41819658316885,103.27650338046229,59.19740532095726,17.97953208157371,92.1823466115503,87.30565171224208,101.31923307478834,68.11149625649698,92.32235505506492,23.11502704337161,61.66435816491211
36,64.02326086359419,87.05992089761335,81.04911025934813,38.3413647395157,51.28360085506771,74.93658864087102,85.30615374398994,52.551766169090904,87.22077157822561,93.09452326667089,100.08971394705516,86.77121954454842,86.27200549440903,60.93064735136378,119.7482421196745,52.634090648620266,41.395440172750305,78.23965752249494,63.219711389938844,65.8322107951574,69.10270814774346,57.26923293827219,74.46274646727824,63.26321651218818,109.3708342270888,73.14379745638769,65.38746425104146,47.97533724734357,94.77082579624303,81.1288185861101,81.7554343033741,102.73870466614005,89.63087940078915,109.99283574487151,96.05240625142433,54.826892555605355,53.73549695501835,59.47758237774693,54.21441821192109,59.70036790341243,42.13587637151019,84.22267440181055,68.57904623235574,52.214352728336515,110.67407553630979,82.57374483924502,69.60022989043223,77.88851000476944,61.46758301991277,91.41128310464401,87.76202137668822,56.80959365891692,86.43581846103628,57.903007991324834,56.322182382707496,87.27194260072947,82.55742635629122,51.019864529164906,92.03253393481044,104.70448295390578,81.6533436624622,44.76040596263602,53.949019119736356,24.106956625169705,85.87423173615238,5.340938745806896,77.61421046034367,113.35641220429234,101.53152828157856,82.22670282692009
37,103.91922614539952,4.603864885415677,58.237403135344636,94.89069300532734,68.82298560020479,70.56155619875801,80.96427102955002,57.03027407707482,76.95192138504294,93.19967066722832,105.77027707645527,70.93914597872796,102.10871081547076,52.75266006499183,65.3747955358191,43.227956300482326,85.87566440767772,61.080387085767555,81.07459715604472,92.6139394492168,101.83086378358155,91.92616081109554,86.5759214498113,90.09237741417446,50.0265397843124,40.32354603808518,51.22459071893952,49.610769709190585,109.52140880006647,88.50337977229343,78.33641146837688,95.36828155409526,76.6597486959774,74.26034151422279,45.83466491908125,81.27042535688761,80.97525650933443,66.48310119378314,54.690638972602436,84.48557153408838,31.004872050880284,77.89456197540271,71.11652168663612,37.43880391800171,113.4452083737625,98.73186408955272,80.3681679057639,40.87550020751822,47.56126386083448,84.38814607982312,72.99462599267186,65.09151213243877,94.95373840618268,97.81605994969124,72.31915337083962,62.84814525774416,90.09563414911983,57.571409349845844,84.17682862817195,83.13319160929017,108.58833630828329,57.58645469754474,22.67679153778576,79.58577680489003,59.872434985024995,32.65416528382096,76.28324974530402,113.92654262406037,111.92435767416495,47.07668134494887
38,77.96051617339613,20.28281970196683,72.03770713815818,48.51161320527538,58.64398085048773,106.6651330770208,97.898229853695,50.435077820980666,71.75455430156258,82.368511545101,104.58304545817234,119.99999999999999,76.85881087418338,27.167419175043698,45.89225838839309,82.46693414108996,91.49859617799427,64.21394307847086,84.6238566919494,86.13699234705872,54.93663386407472,105.18073853935392,119.99999999999997,62.56501643016704,60.76631912178334,62.04029701677652,46.51099502784443,69.32306867704276,100.88698033160844,60.850244544429295,78.28258528307467,113.6266274225695,75.03049374127531,81.10716867833483,46.50547787040884,60.73442857686487,39.62625710116008,73.07076709718929,120.0,66.95590067604212,44.714388086391516,119.99999999999999,55.80902118796371,34.55057117809072,37.07647120398989,97.84954834356418,119.99999999999999,84.48176046665414,41.1731355728651,52.75745891929818,94.54387884598722,39.26626090796166,100.52340821473926,95.09397174891818,68.16012532357631,81.90464366062777,68.21916258189262,62.29520155178851,68.83502405677844,104.94555984736763,94.77020672659431,63.03020157495067,29.52204731398579,75.04583918338199,73.85069935396449,39.44601137126446,63.48849673029113,89.07769046861051,96.2249882309092,77.34422734759234
39,71.87171338170243,40.59832577563395,98.91537521455386,28.1723656990594,80.84548652483147,86.59295539568517,75.00377800853367,61.28613848621401,82.53561771813939,76.1746477943807,103.70243797287377,91.91272822041905,90.38842980797308,55.65359605687831,24.296137353346893,68.54812201170526,81.26401428013943,90.33666595718078,71.846320723271,90.05514361747832,96.30030736073124,88.7485389247493,94.89915752897915,63.63921667394554,84.44867275823009,38.529113817331584,45.43499293603313,78.66304273347906,110.83511025186587,56.73874234871087,82.5090358142185,100.6202876878811,68.63378116384453,104.7417381039848,75.60719308360142,60.80515356394309,48.440346458181,45.03012479382456,104.62086822616858,48.75457577029653,40.538262951194135,89.78017678634146,67.28162068196103,74.9566178246586,103.82702713073414,62.070204665361196,71.54608995974942,44.1949982772739,91.71107778478424,83.20568850256022,76.13139211568242,35.17674536321843,98.48319312707312,60.504568208563164,86.59233662084452,60.10706720050486,61.05303706634988,54.15994975347831,107.49545083368078,96.36404654123534,93.59844403234302,71.22200457240777,25.080053679044756,63.432114516398876,62.72281772425081,87.70608995267946,72.49680014458401,98.97872977394633,70.62700543585343,62.95638877324225
40,66.8483454319737,4.934297786970141,77.82656330324096,63.85190754858658,43.07873708851325,109.06893462220188,116.39121421851348,46.778300775839966,111.84802607272694,97.03383826789964,50.41850893226802,86.68396093182376,113.23736501944164,43.44692259155793,54.067006108998704,46.82539252068724,35.83328523823545,71.51939028714939,117.91417401944629,112.393829233925,89.86591025537635,97.7181545109428,89.46845247491675,55.398998248080396,119.99999999999997,51.25130451992028,8.297179990763402,59.62512022306799,84.72985660979215,80.99937429744473,90.1109761473628,90.06875670362972,92.46591601870263,108.24197988476234,29.3599078618178,54.015792789863696,86.32224424253711,40.475120732594085,115.05931889934567,54.52563558907923,68.59650390485672,105.80674448719343,88.42873959887064,89.83300378288956,38.74552739309481,43.512984797698884,75.0764960353959,33.81429083201659,87.51530875128229,103.09257845692788,90.37943029540334,64.45818549895516,35.08105119333967,59.49952705140244,102.15962792067269,89.52059961576082,69.73198454085748,42.32870877752381,86.19007942752309,118.14511390690586,88.47819377040705,49.605319961021934,36.98828073364871,68.83702063707823,41.07192584697339,21.633269190378947,58.62935587715726,120.0,99.39654956604633,97.44359814871714
41,45.24658401183581,92.95693500122621,85.72597080861972,56.347595742888,75.71028237679572,33.31885312824938,92.69377893038516,38.89343208668258,91.97992484200648,99.05649072706089,107.68156707935537,91.72133586214505,76.6672494027496,83.75400438923161,78.25913909902874,46.18009550181206,51.23929062424925,42.5468233308113,89.60399224052004,90.41665481434701,82.74376481460865,94.23790815097335,69.64390281372759,91.8092440635299,50.93704689317163,41.029246481655846,81.59888678233301,70.48565202800185,99.34998139407041,87.75993832198112,82.05088166656684,96.94598592677531,61.407560662604524,105.44836867472017,78.75541981353047,62.98785507778222,49.75140579796412,42.50151512415591,114.66611434236484,33.88932116948226,35.16554089988404,85.20623884679489,55.65004530000046,47.701420195321056,111.4632459433442,103.46222807774076,71.35128073691456,66.58312350607885,104.15961752652639,97.23333554196348,78.03432302764885,43.955112312196356,38.43372520354568,59.58807310581825,88.01268977622212,57.41086032726476,63.84895536611996,80.4502300404992,98.99724861735369,68.09721279320124,105.66161439354701,69.53387846201414,36.76739190350664,57.14802697695691,28.484112297516837,49.53744673809807,78.23152095431247,104.39918906925747,114.29478848929314,75.13752357105847
42,103.26551875369036,1.4469127859310227,60.64123388348247,40.29091655370175,75.9298725518103,86.36808870544192,114.05745676594213,22.264638473353948,88.87301038370133,87.31104075593073,119.99999999999997,104.61686942521999,82.93444096179401,24.196683538520087,13.63548958477609,57.6496028596187,115.61560460072448,77.71772568396035,75.87705005062384,117.30784368177643,104.08598383145198,104.86134739349654,104.86134739349654,48.76034966563165,44.944750618894254,35.61883362467846,68.86738747235057,47.25920107801662,87.10105290635337,101.02683782443462,76.59900071274765,82.19306012842432,103.82084735002337,116.01604833211928,37.84868354895575,83.20047173866837,93.71379926489892,43.21454067824131,54.742614237605586,59.26384219951076,73.64226430921613,85.58723963296084,43.53697253425106,27.907084538411084,109.08953561178126,108.31369534752338,61.92320802585622,36.04962385983599,94.77828323267745,108.00317953462334,87.21191817492,38.60098426963027,52.594013555675566,68.46310942816584,90.29888794447147,40.014242528631016,73.99831541613834,55.077858796089885,97.75332869637668,112.61961593914704,54.1563896562363,110.38024896738078,36.72520754304647,120.0,82.89143633056472,0.7385206098820022,58.53857180216775,75.34248284701518,83.01814669101663,86.74563417630729
43,98.795280686202,1.6315819677061307,83.53306735780062,54.827273028601326,74.15859229214435,82.65060772742845,86.40359694011713,20.979851784652706,82.93021051112585,94.11249954944165,112.4414370265536,99.41286003218151,96.12314109604463,56.74652308828183,70.99653512706155,45.02563912263396,90.30556553491957,67.59303116594036,59.70535858059659,91.62734738056612,47.12750727518423,117.79244624635737,89.46279981145649,92.48501431023057,50.25329135167215,40.138711980596355,74.74022902450282,76.07671465087522,81.30241392636026,91.80875815855266,71.35401740440525,92.61653487130653,84.84156098850006,112.7919861010645,46.05712112564605,86.67881937738984,62.531262729097904,44.648914130312136,58.61501209343308,76.67688444305647,85.92441534797624,75.93095075880066,44.042882485098275,35.86706819866809,96.69158748362258,96.10727460314125,75.43582112269283,31.65835847893783,49.43316103884451,90.48870029822942,76.93078527738614,34.25674827984108,110.47936198991344,80.0092190089331,102.74366562791448,34.92934205037457,90.32727142293597,107.43995249832865,86.29943253132429,82.86611606357093,85.98368939328836,56.15419604017723,21.475113559391826,47.06504336809797,86.49162354460412,1.8287173449257457,61.0292445710656,116.02784483836831,113.88200741039071,96.20040536315568
44,96.32775089632567,39.8275895255937,68.05106707114565,45.78721478927762,78.74188867272156,80.147425927248,73.11706311768782,53.45016957775449,84.03239453270534,77.50792977176454,105.51753781991496,93.52147322386497,91.97049507399566,26.49562022660793,25.739736074367425,71.8293576362137,104.14098557610517,84.36408056313755,74.93884170031598,94.49137822325225,98.1405996581759,89.97235494018524,101.46679412335868,50.832552483112025,86.06385449766088,39.26602914165372,46.257815155853535,44.407862709166,105.45307198335222,101.63592472756224,78.70226395486527,102.5026219552274,65.29825466982685,103.55359657418316,36.439867249902804,60.55876108931314,93.26474952643518,42.61106366925915,103.43828054329347,48.13368134761311,81.51113135449397,83.15593577775847,62.31738818879027,69.42610185295999,96.16636889260846,57.796334211314985,59.62673972207394,38.32857129106416,69.3856809484889,84.55657625882247,77.25906318934963,35.985872483069826,90.55713055535027,91.75622988813356,88.17087538572119,53.89087351614379,56.47108462230868,52.088092694294865,98.54575854777286,98.75889761575071,85.66960814054038,98.57568486318861,28.717556916021827,72.25560970161867,71.66269067074178,0.6264745504302823,47.66853134555197,113.14537994588069,111.08435941164153,98.83939745811318
45,54.35875191765562,38.46685683126221,77.1559096590477,41.302940334785745,63.953517069459565,103.0226977420867,103.7393264457024,30.216292846707823,76.31469820956285,88.54723530409038,119.99999999999997,106.02284296065467,84.89893067898431,62.14238914555662,79.50646333856292,50.47159254246447,101.47900782605653,69.43096886820098,49.01915158671963,69.95042669243887,105.68911478707079,104.0278726832319,120.0,53.586800454095695,52.761871386217116,40.37728906667652,35.55705162270802,48.79247002419549,88.01514899453427,99.4661523351929,88.45147584896193,70.34129725800562,102.93345553910979,94.88324640453365,74.60452801601078,72.58294939556986,90.82164876757099,35.34726455753375,44.761812752617395,74.99855010616366,74.52745551569453,79.62384282911778,44.93800213540983,32.83746949693434,95.00211246256319,101.88895877544375,81.18215878483663,39.14020118041442,47.542659838607904,111.55023680023805,90.87577053971879,39.59397318512015,89.38030160560257,59.38879669368027,98.52806015661781,62.205589418448724,101.65847364032739,60.472509383564756,63.54692302279276,117.62054222889066,69.75607223242459,68.73989007355115,70.23462766965014,45.766523817350894,41.371167198059425,5.392024203568798,82.99792835750782,84.1385570324079,94.09917172145505,120.0
46,52.155503923355504,53.813683687540525,72.54888581641785,47.88097788565472,43.92436037375476,94.76320450796422,116.91338380531239,53.071573367584854,75.37518928164495,88.22757320247891,100.65469782789776,105.1538641137522,83.51710220664138,73.06631157410843,91.57544673975565,40.32380165350244,82.31427523992096,56.366331839070014,56.05992082413285,82.29391212950966,52.02176369413977,99.26593095607515,115.46624358572511,91.10967846762776,56.745948896187265,58.72726179566215,38.66317260458278,63.35365108472983,83.541833889571,86.5889536256504,106.672453506832,68.69295469664387,89.15015319657296,88.48504915217477,92.7413082397265,71.87693367377652,82.07943910046778,41.843974419577364,83.621309209652,27.351986204625128,65.37644533127327,111.75214571203594,40.96554668908315,70.84936545835733,24.417912238859703,91.86313329614488,104.77545127424573,41.24454789890327,59.9413315186823,120.0,103.18296481366427,42.29292803080172,40.535696751513974,59.011069056984184,109.79146192945035,107.2901697094354,76.24556383209828,70.03086713419133,76.65169133950647,80.4852703457518,64.05731054304255,69.23912709597425,55.94468185450402,51.23914895132438,85.66661695902829,51.37157353659894,59.11398909743786,82.64701281658579,86.74789208826225,71.2690846962584
47,51.31997103104873,58.08978634499624,78.02632286356888,47.14565658284329,56.20311135401022,106.86473305520076,84.35041876833188,71.54201273853303,62.43049802058898,82.41408096336667,112.71003152014998,94.1358774806074,82.76749927675395,80.24912457270607,80.00518966206569,16.968968852848807,83.46225655129318,82.91842169846207,56.60036027728297,81.79567838534123,101.59998752289249,82.5608962259667,109.46288695582982,93.83609870829557,50.626678457033144,43.65716344198108,30.256288688001124,44.98247960401242,94.02434707955176,95.98080393194118,95.5254334558723,67.87649971306126,99.61043621556107,108.27593485732324,74.27066738193044,72.42749247145618,78.69297565954182,35.27155838866481,44.25795968978138,74.80341155130216,81.37036273455148,32.66612425382,94.41495122315577,35.81694544541195,103.64755845736279,92.02410386234088,70.05995402335722,33.98544788692745,47.44335745912304,102.89130611640753,83.22363529586866,32.91538208385189,85.89302628669742,90.8016947885382,98.8461500825859,57.90160855701028,83.356385713967,52.24008383064115,93.2845397987479,83.2353688038123,117.265978593066,56.716034702755366,53.65880554977648,34.09406046820316,34.49777069127925,84.23078530759486,63.40988550145433,87.73355846903056,91.37766258281988,94.9974714298415
48,79.05669171886235,79.93983117519488,98.22658787654164,59.11487875386033,42.6630326695396,60.54874054069107,62.45023726531009,42.62809242514089,65.87481809113345,96.05286893319199,109.38983815148259,96.11064268252213,95.94373971652895,91.15797521282879,31.673161099891225,71.36692049492977,93.28749298313548,86.97981301814505,52.37612560116373,55.15851158990592,62.31181527598139,52.390506257490074,109.36012950307111,73.64597112866002,88.60589518069301,66.07267362921644,59.61300902488797,75.63330474729118,83.10322613267414,87.91181019370059,84.34704100994942,88.68502789493547,78.31959002144924,115.60837271056984,55.992153851863556,69.27902234824802,78.58488399580163,37.84822900847489,81.17173567623044,49.51560240881157,60.206732585536066,63.44521748177155,57.910657598541185,54.881601796747205,100.51557496443395,90.00375983386063,83.03645573910939,43.774402444393615,81.61781356832633,109.72772794557402,100.60949466713048,39.7546552822981,91.37989449162981,63.84639406688016,45.28961753376756,62.14865252194055,65.81032446630232,97.36585346009485,106.87118412036806,71.11469850806957,96.97676131912095,43.71252560410363,32.2691215449345,85.54234688076737,70.98347669442913,48.21708330888743,99.20777711128873,59.41714439355626,64.35108614353548,84.01196392260108
49,61.62824742373962,43.611100085626056,87.61691978205518,57.82430445486334,53.3404525763837,119.99999999999999,57.97897567733208,70.60923184351797,69.2005590702123,80.83257980692619,111.06757891877915,96.7856295630546,77.50442079750977,73.17687537601334,94.01723376110688,22.55523311727717,85.64934935899922,65.91852384489924,57.96566517963109,82.71711936207306,95.31620784568207,92.6017159223773,112.20978679208996,88.0816375403254,47.573429985602885,48.03906103357728,28.178160880345093,81.36688946413416,83.29614001706005,94.18186291200794,83.75235773369938,66.6043097060897,88.79844016700876,97.79368587303009,76.71314150619217,74.80935172333267,78.6008354687348,36.43150311144052,46.13483224186667,77.51665007540306,82.58148424508154,33.15232886714477,49.79435953732901,36.42633577548959,105.19025512655597,112.89988884821325,89.95534760018592,39.59369484190203,48.09350766863538,113.0320622328666,91.92869271895344,33.18960259412997,90.41589669754283,60.076898493152804,99.66964475281694,55.402027389799215,92.54812148293789,118.74866774886077,57.890795681366654,92.56433686188423,64.22449904136526,62.62155179378607,63.85875932771884,41.61185908843989,34.84487869991334,0.9625128020898404,75.46341324126712,104.4107511867921,108.747559753128,114.10026590065088
50,64.87563183439615,41.463502106877414,83.30228613468836,72.43031436944227,50.71373947092054,114.09068432248107,55.123841761194186,74.95538856602855,34.419399987286106,85.80800654580233,117.90403772406127,111.01959999821726,81.8935671786045,76.33239305227653,77.1753251013235,23.31302543353057,89.34270240904424,69.08282832583176,60.46969626495965,86.28402941303366,88.89066336659273,62.7763675898904,104.45209097800208,81.99205685062431,44.284410291225115,103.3743653277311,26.230045595934286,84.0054722048195,86.50083455294282,97.31885296751744,86.54196398285112,68.8227523100259,74.81012398184319,89.11058813076505,88.84961963512961,48.415384985557445,72.08935285487019,75.48471313996177,43.416391664022925,70.63394958969299,82.15577527417786,32.83930008060405,73.97430067966758,36.09415605432137,104.19703446775617,111.83387278194041,68.90556066153253,35.218826338844956,65.06174971093772,100.84492427040406,81.77111727899378,70.58240869395995,80.4254762475897,53.43875744497512,88.6567400142947,59.20335922664873,95.30918862281099,86.62869613854475,61.86289083838699,62.8022118272165,110.70902333493,67.48463001146206,67.94060932275208,44.27168788251019,37.07216230901466,1.024036591743619,78.4600837177571,111.08468329414873,115.68018073316533,88.46655614890834
